quarter_end,year,quarter,offence,open_1yr_plus,share_of_quarter
2016-03-31,2016,Q1,Violence against the person,1030.0,0.198000768935025
2016-03-31,2016,Q1,Miscellaneous crimes against society,923.0,0.1774317570165321
2016-03-31,2016,Q1,Sexual offences,643.0,0.12360630526720492
2016-03-31,2016,Q1,Drug offences,616.0,0.1184159938485198
2016-03-31,2016,Q1,Fraud offences,548.0,0.1053440984236832
2016-03-31,2016,Q1,Theft offences,464.0,0.08919646289888504
2016-03-31,2016,Q1,Not known,291.0,0.05594002306805075
2016-03-31,2016,Q1,Possession of weapons,181.0,0.03479430988081507
2016-03-31,2016,Q1,Robbery,176.0,0.03383314109957709
2016-03-31,2016,Q1,Public order offences,149.0,0.028642829680891966
2016-03-31,2016,Q1,Criminal damage and arson,71.0,0.013648596693579393
2016-03-31,2016,Q1,Summary non-motoring,65.0,0.012495194156093811
2016-03-31,2016,Q1,Summary motoring,44.0,0.008458285274894272
2016-03-31,2016,Q1,Other,1.0,0.00019223375624759708
2016-06-30,2016,Q2,Violence against the person,997.0,0.20658930791545793
2016-06-30,2016,Q2,Miscellaneous crimes against society,824.0,0.17074181516784087
2016-06-30,2016,Q2,Sexual offences,603.0,0.12494819726481558
2016-06-30,2016,Q2,Drug offences,572.0,0.11852465810194779
2016-06-30,2016,Q2,Fraud offences,498.0,0.10319104848736013
2016-06-30,2016,Q2,Theft offences,415.0,0.08599254040613344
2016-06-30,2016,Q2,Not known,279.0,0.05781185246581019
2016-06-30,2016,Q2,Robbery,172.0,0.035640281806879406
2016-06-30,2016,Q2,Possession of weapons,156.0,0.03232490675507667
2016-06-30,2016,Q2,Public order offences,134.0,0.027766266058847907
2016-06-30,2016,Q2,Summary non-motoring,73.0,0.015126398673849979
2016-06-30,2016,Q2,Criminal damage and arson,67.0,0.013883133029423953
2016-06-30,2016,Q2,Summary motoring,35.0,0.0072523829258184834
2016-06-30,2016,Q2,Other,1.0,0.00020721094073767094
2016-09-30,2016,Q3,Violence against the person,932.0,0.19850905218317358
2016-09-30,2016,Q3,Miscellaneous crimes against society,833.0,0.17742279020234292
2016-09-30,2016,Q3,Sexual offences,649.0,0.1382321618743344
2016-09-30,2016,Q3,Drug offences,564.0,0.12012779552715655
2016-09-30,2016,Q3,Fraud offences,441.0,0.0939297124600639
2016-09-30,2016,Q3,Theft offences,388.0,0.08264110756123536
2016-09-30,2016,Q3,Not known,291.0,0.061980830670926516
2016-09-30,2016,Q3,Robbery,154.0,0.032800851970181046
2016-09-30,2016,Q3,Possession of weapons,145.0,0.0308839190628328
2016-09-30,2016,Q3,Public order offences,123.0,0.02619808306709265
2016-09-30,2016,Q3,Criminal damage and arson,83.0,0.017678381256656016
2016-09-30,2016,Q3,Summary non-motoring,59.0,0.012566560170394037
2016-09-30,2016,Q3,Summary motoring,32.0,0.006815761448349307
2016-09-30,2016,Q3,Other,1.0,0.00021299254526091586
2016-12-31,2016,Q4,Violence against the person,856.0,0.1882559929623928
2016-12-31,2016,Q4,Miscellaneous crimes against society,831.0,0.18275786232680888
2016-12-31,2016,Q4,Sexual offences,677.0,0.14888937761161206
2016-12-31,2016,Q4,Drug offences,500.0,0.10996261271167802
2016-12-31,2016,Q4,Fraud offences,413.0,0.09082911809984605
2016-12-31,2016,Q4,Theft offences,382.0,0.08401143611172202
2016-12-31,2016,Q4,Not known,291.0,0.06399824059819662
2016-12-31,2016,Q4,Robbery,151.0,0.03320870903892677
2016-12-31,2016,Q4,Possession of weapons,146.0,0.032109082911809986
2016-12-31,2016,Q4,Public order offences,126.0,0.027710578403342862
2016-12-31,2016,Q4,Criminal damage and arson,77.0,0.016934242357598415
2016-12-31,2016,Q4,Summary non-motoring,59.0,0.012975588299978007
2016-12-31,2016,Q4,Summary motoring,38.0,0.008357158566087531
2017-03-31,2017,Q1,Miscellaneous crimes against society,730.0,0.18584521384928718
2017-03-31,2017,Q1,Violence against the person,694.0,0.17668024439918534
2017-03-31,2017,Q1,Sexual offences,609.0,0.155040733197556
2017-03-31,2017,Q1,Drug offences,435.0,0.11074338085539714
2017-03-31,2017,Q1,Fraud offences,369.0,0.0939409368635438
2017-03-31,2017,Q1,Theft offences,325.0,0.08273930753564154
2017-03-31,2017,Q1,Not known,277.0,0.0705193482688391
2017-03-31,2017,Q1,Possession of weapons,130.0,0.03309572301425662
2017-03-31,2017,Q1,Robbery,129.0,0.03284114052953157
2017-03-31,2017,Q1,Public order offences,81.0,0.020621181262729125
2017-03-31,2017,Q1,Criminal damage and arson,60.0,0.015274949083503055
2017-03-31,2017,Q1,Summary non-motoring,53.0,0.0134928716904277
2017-03-31,2017,Q1,Summary motoring,36.0,0.009164969450101833
2017-06-30,2017,Q2,Violence against the person,650.0,0.17347211102215104
2017-06-30,2017,Q2,Miscellaneous crimes against society,648.0,0.17293835068054444
2017-06-30,2017,Q2,Sexual offences,638.0,0.17026954897251134
2017-06-30,2017,Q2,Drug offences,415.0,0.11075527088337336
2017-06-30,2017,Q2,Fraud offences,367.0,0.09794502268481452
2017-06-30,2017,Q2,Not known,281.0,0.07499332799572991
2017-06-30,2017,Q2,Theft offences,269.0,0.0717907659460902
2017-06-30,2017,Q2,Possession of weapons,128.0,0.03416066186282359
2017-06-30,2017,Q2,Robbery,110.0,0.029356818788364023
2017-06-30,2017,Q2,Public order offences,82.0,0.021884174005871365
2017-06-30,2017,Q2,Criminal damage and arson,66.0,0.017614091273018415
2017-06-30,2017,Q2,Summary non-motoring,61.0,0.016279690419001867
2017-06-30,2017,Q2,Summary motoring,32.0,0.008540165465705898
2017-09-30,2017,Q3,Violence against the person,636.0,0.18022102578634175
2017-09-30,2017,Q3,Miscellaneous crimes against society,612.0,0.17342023236044204
2017-09-30,2017,Q3,Sexual offences,579.0,0.16406914139982998
2017-09-30,2017,Q3,Fraud offences,379.0,0.10739586285066591
2017-09-30,2017,Q3,Drug offences,347.0,0.09832813828279965
2017-09-30,2017,Q3,Not known,284.0,0.08047605553981298
2017-09-30,2017,Q3,Theft offences,254.0,0.07197506375743837
2017-09-30,2017,Q3,Possession of weapons,114.0,0.03230376877302352
2017-09-30,2017,Q3,Robbery,100.0,0.028336639274582034
2017-09-30,2017,Q3,Public order offences,90.0,0.02550297534712383
2017-09-30,2017,Q3,Summary non-motoring,62.0,0.017568716350240862
2017-09-30,2017,Q3,Criminal damage and arson,41.0,0.011618022102578634
2017-09-30,2017,Q3,Summary motoring,31.0,0.008784358175120431
2017-12-31,2017,Q4,Violence against the person,622.0,0.18107714701601166
2017-12-31,2017,Q4,Sexual offences,566.0,0.16477438136826783
2017-12-31,2017,Q4,Miscellaneous crimes against society,539.0,0.1569141193595342
2017-12-31,2017,Q4,Drug offences,364.0,0.10596797671033478
2017-12-31,2017,Q4,Fraud offences,361.0,0.10509461426491994
2017-12-31,2017,Q4,Not known,289.0,0.08413391557496361
2017-12-31,2017,Q4,Theft offences,252.0,0.07336244541484715
2017-12-31,2017,Q4,Possession of weapons,116.0,0.033770014556040756
2017-12-31,2017,Q4,Robbery,93.0,0.027074235807860263
2017-12-31,2017,Q4,Public order offences,91.0,0.026491994177583696
2017-12-31,2017,Q4,Summary non-motoring,71.0,0.02066957787481805
2017-12-31,2017,Q4,Criminal damage and arson,46.0,0.01339155749636099
2017-12-31,2017,Q4,Summary motoring,25.0,0.00727802037845706
2018-03-31,2018,Q1,Violence against the person,615.0,0.18479567307692307
2018-03-31,2018,Q1,Sexual offences,556.0,0.16706730769230768
2018-03-31,2018,Q1,Miscellaneous crimes against society,534.0,0.16045673076923078
2018-03-31,2018,Q1,Drug offences,380.0,0.1141826923076923
2018-03-31,2018,Q1,Fraud offences,322.0,0.0967548076923077
2018-03-31,2018,Q1,Not known,295.0,0.08864182692307693
2018-03-31,2018,Q1,Theft offences,241.0,0.07241586538461539
2018-03-31,2018,Q1,Possession of weapons,102.0,0.03064903846153846
2018-03-31,2018,Q1,Public order offences,82.0,0.024639423076923076
2018-03-31,2018,Q1,Robbery,77.0,0.023137019230769232
2018-03-31,2018,Q1,Summary non-motoring,61.0,0.018329326923076924
2018-03-31,2018,Q1,Criminal damage and arson,41.0,0.012319711538461538
2018-03-31,2018,Q1,Summary motoring,22.0,0.006610576923076923
2018-06-30,2018,Q2,Violence against the person,557.0,0.16899271844660194
2018-06-30,2018,Q2,Sexual offences,550.0,0.16686893203883496
2018-06-30,2018,Q2,Miscellaneous crimes against society,547.0,0.16595873786407767
2018-06-30,2018,Q2,Drug offences,422.0,0.12803398058252427
2018-06-30,2018,Q2,Fraud offences,336.0,0.10194174757281553
2018-06-30,2018,Q2,Not known,279.0,0.08464805825242719
2018-06-30,2018,Q2,Theft offences,236.0,0.07160194174757281
2018-06-30,2018,Q2,Possession of weapons,108.0,0.032766990291262135
2018-06-30,2018,Q2,Robbery,69.0,0.020934466019417477
2018-06-30,2018,Q2,Public order offences,65.0,0.01972087378640777
2018-06-30,2018,Q2,Summary non-motoring,61.0,0.018507281553398057
2018-06-30,2018,Q2,Criminal damage and arson,43.0,0.013046116504854368
2018-06-30,2018,Q2,Summary motoring,23.0,0.006978155339805826
2018-09-30,2018,Q3,Miscellaneous crimes against society,553.0,0.17919637070641609
2018-09-30,2018,Q3,Violence against the person,500.0,0.16202203499675957
2018-09-30,2018,Q3,Sexual offences,498.0,0.16137394685677253
2018-09-30,2018,Q3,Drug offences,407.0,0.13188593648736227
2018-09-30,2018,Q3,Fraud offences,291.0,0.09429682436811407
2018-09-30,2018,Q3,Not known,274.0,0.08878807517822424
2018-09-30,2018,Q3,Theft offences,207.0,0.06707712248865846
2018-09-30,2018,Q3,Possession of weapons,92.0,0.029812054439403757
2018-09-30,2018,Q3,Robbery,70.0,0.02268308489954634
2018-09-30,2018,Q3,Public order offences,68.0,0.0220349967595593
2018-09-30,2018,Q3,Summary non-motoring,62.0,0.020090732339598186
2018-09-30,2018,Q3,Criminal damage and arson,40.0,0.012961762799740765
2018-09-30,2018,Q3,Summary motoring,24.0,0.007777057679844459
2018-12-31,2018,Q4,Miscellaneous crimes against society,494.0,0.1915471112834432
2018-12-31,2018,Q4,Violence against the person,433.0,0.16789453276463745
2018-12-31,2018,Q4,Sexual offences,371.0,0.14385420705699883
2018-12-31,2018,Q4,Drug offences,279.0,0.10818146568437378
2018-12-31,2018,Q4,Not known,271.0,0.10507948817371074
2018-12-31,2018,Q4,Fraud offences,258.0,0.10003877471888328
2018-12-31,2018,Q4,Theft offences,160.0,0.062039550213260956
2018-12-31,2018,Q4,Possession of weapons,80.0,0.031019775106630478
2018-12-31,2018,Q4,Robbery,74.0,0.02869329197363319
2018-12-31,2018,Q4,Public order offences,60.0,0.023264831329972858
2018-12-31,2018,Q4,Summary non-motoring,47.0,0.018224117875145406
2018-12-31,2018,Q4,Criminal damage and arson,27.0,0.010469174098487785
2018-12-31,2018,Q4,Summary motoring,24.0,0.009305932531989143
2018-12-31,2018,Q4,Other,1.0,0.00038774718883288094
2019-03-31,2019,Q1,Miscellaneous crimes against society,459.0,0.19140950792326938
2019-03-31,2019,Q1,Violence against the person,391.0,0.16305254378648873
2019-03-31,2019,Q1,Sexual offences,290.0,0.12093411175979983
2019-03-31,2019,Q1,Drug offences,288.0,0.12010008340283569
2019-03-31,2019,Q1,Not known,268.0,0.11175979983319433
2019-03-31,2019,Q1,Fraud offences,236.0,0.09841534612176814
2019-03-31,2019,Q1,Theft offences,161.0,0.06713928273561301
2019-03-31,2019,Q1,Possession of weapons,77.0,0.03211009174311927
2019-03-31,2019,Q1,Robbery,70.0,0.029190992493744787
2019-03-31,2019,Q1,Public order offences,57.0,0.0237698081734779
2019-03-31,2019,Q1,Summary non-motoring,42.0,0.01751459549624687
2019-03-31,2019,Q1,Criminal damage and arson,35.0,0.014595496246872394
2019-03-31,2019,Q1,Summary motoring,24.0,0.010008340283569641
2019-06-30,2019,Q2,Miscellaneous crimes against society,417.0,0.1858288770053476
2019-06-30,2019,Q2,Violence against the person,396.0,0.17647058823529413
2019-06-30,2019,Q2,Drug offences,304.0,0.1354723707664884
2019-06-30,2019,Q2,Not known,236.0,0.1051693404634581
2019-06-30,2019,Q2,Sexual offences,228.0,0.10160427807486631
2019-06-30,2019,Q2,Fraud offences,208.0,0.09269162210338681
2019-06-30,2019,Q2,Theft offences,146.0,0.06506238859180036
2019-06-30,2019,Q2,Possession of weapons,97.0,0.04322638146167558
2019-06-30,2019,Q2,Robbery,69.0,0.03074866310160428
2019-06-30,2019,Q2,Public order offences,51.0,0.022727272727272728
2019-06-30,2019,Q2,Summary non-motoring,43.0,0.019162210338680926
2019-06-30,2019,Q2,Criminal damage and arson,25.0,0.011140819964349376
2019-06-30,2019,Q2,Summary motoring,24.0,0.0106951871657754
2019-09-30,2019,Q3,Violence against the person,422.0,0.18411867364746945
2019-09-30,2019,Q3,Miscellaneous crimes against society,398.0,0.1736474694589878
2019-09-30,2019,Q3,Drug offences,333.0,0.14528795811518325
2019-09-30,2019,Q3,Not known,239.0,0.10427574171029669
2019-09-30,2019,Q3,Sexual offences,215.0,0.09380453752181502
2019-09-30,2019,Q3,Fraud offences,203.0,0.08856893542757417
2019-09-30,2019,Q3,Theft offences,135.0,0.058900523560209424
2019-09-30,2019,Q3,Possession of weapons,106.0,0.0462478184991274
2019-09-30,2019,Q3,Robbery,75.0,0.032722513089005235
2019-09-30,2019,Q3,Public order offences,64.0,0.027923211169284468
2019-09-30,2019,Q3,Summary non-motoring,47.0,0.02050610820244328
2019-09-30,2019,Q3,Criminal damage and arson,30.0,0.013089005235602094
2019-09-30,2019,Q3,Summary motoring,25.0,0.010907504363001745
2019-12-31,2019,Q4,Violence against the person,465.0,0.19431675720852487
2019-12-31,2019,Q4,Miscellaneous crimes against society,383.0,0.16005014625992478
2019-12-31,2019,Q4,Drug offences,341.0,0.14249895528625156
2019-12-31,2019,Q4,Not known,238.0,0.09945674885081487
2019-12-31,2019,Q4,Fraud offences,211.0,0.08817384036773925
2019-12-31,2019,Q4,Sexual offences,211.0,0.08817384036773925
2019-12-31,2019,Q4,Theft offences,178.0,0.07438361888842457
2019-12-31,2019,Q4,Possession of weapons,102.0,0.04262432093606352
2019-12-31,2019,Q4,Robbery,89.0,0.037191809444212284
2019-12-31,2019,Q4,Public order offences,70.0,0.029251984956122024
2019-12-31,2019,Q4,Summary non-motoring,43.0,0.017969076473046384
2019-12-31,2019,Q4,Criminal damage and arson,38.0,0.015879648976180525
2019-12-31,2019,Q4,Summary motoring,24.0,0.010029251984956121
2020-03-31,2020,Q1,Violence against the person,598.0,0.1974900924702774
2020-03-31,2020,Q1,Drug offences,481.0,0.15885072655217966
2020-03-31,2020,Q1,Miscellaneous crimes against society,467.0,0.15422721268163805
2020-03-31,2020,Q1,Sexual offences,267.0,0.0881770145310436
2020-03-31,2020,Q1,Not known,262.0,0.08652575957727873
2020-03-31,2020,Q1,Theft offences,235.0,0.07760898282694847
2020-03-31,2020,Q1,Fraud offences,210.0,0.06935270805812417
2020-03-31,2020,Q1,Possession of weapons,157.0,0.05184940554821665
2020-03-31,2020,Q1,Robbery,107.0,0.03533685601056803
2020-03-31,2020,Q1,Public order offences,99.0,0.03269484808454425
2020-03-31,2020,Q1,Summary non-motoring,63.0,0.02080581241743725
2020-03-31,2020,Q1,Criminal damage and arson,45.0,0.014861294583883751
2020-03-31,2020,Q1,Summary motoring,36.0,0.011889035667107
2020-03-31,2020,Q1,Other,1.0,0.00033025099075297226
2020-06-30,2020,Q2,Violence against the person,1090.0,0.2243721696171264
2020-06-30,2020,Q2,Drug offences,797.0,0.16405928365582545
2020-06-30,2020,Q2,Miscellaneous crimes against society,746.0,0.15356113627006998
2020-06-30,2020,Q2,Sexual offences,461.0,0.09489501852614245
2020-06-30,2020,Q2,Theft offences,367.0,0.07554549197200494
2020-06-30,2020,Q2,Fraud offences,298.0,0.061342116097159324
2020-06-30,2020,Q2,Not known,290.0,0.05969534787978592
2020-06-30,2020,Q2,Possession of weapons,274.0,0.05640181144503911
2020-06-30,2020,Q2,Robbery,189.0,0.03890489913544669
2020-06-30,2020,Q2,Public order offences,147.0,0.03025936599423631
2020-06-30,2020,Q2,Summary non-motoring,74.0,0.015232606010703994
2020-06-30,2020,Q2,Criminal damage and arson,70.0,0.01440922190201729
2020-06-30,2020,Q2,Summary motoring,53.0,0.010909839440098806
2020-06-30,2020,Q2,Other,2.0,0.0004116920543433512
2020-09-30,2020,Q3,Violence against the person,1801.0,0.24661098178830618
2020-09-30,2020,Q3,Drug offences,1112.0,0.15226619197590033
2020-09-30,2020,Q3,Miscellaneous crimes against society,1017.0,0.13925783924414625
2020-09-30,2020,Q3,Sexual offences,844.0,0.1155689442694783
2020-09-30,2020,Q3,Theft offences,532.0,0.07284677529782281
2020-09-30,2020,Q3,Possession of weapons,426.0,0.05833219224976037
2020-09-30,2020,Q3,Fraud offences,402.0,0.05504587155963303
2020-09-30,2020,Q3,Not known,344.0,0.047103929891825276
2020-09-30,2020,Q3,Robbery,298.0,0.0408051485690812
2020-09-30,2020,Q3,Public order offences,248.0,0.0339586471313159
2020-09-30,2020,Q3,Criminal damage and arson,107.0,0.014651513076817746
2020-09-30,2020,Q3,Summary non-motoring,99.0,0.013556072846775298
2020-09-30,2020,Q3,Summary motoring,71.0,0.009722032041626728
2020-09-30,2020,Q3,Other,2.0,0.00027386005751061206
2020-12-31,2020,Q4,Violence against the person,2648.0,0.2569626394953906
2020-12-31,2020,Q4,Drug offences,1625.0,0.1576904415332363
2020-12-31,2020,Q4,Miscellaneous crimes against society,1328.0,0.12886948083454633
2020-12-31,2020,Q4,Sexual offences,1276.0,0.12382338670548278
2020-12-31,2020,Q4,Theft offences,717.0,0.06957787481804949
2020-12-31,2020,Q4,Possession of weapons,549.0,0.05327510917030567
2020-12-31,2020,Q4,Fraud offences,530.0,0.051431344007763224
2020-12-31,2020,Q4,Robbery,472.0,0.045803008248423094
2020-12-31,2020,Q4,Not known,444.0,0.04308588064046579
2020-12-31,2020,Q4,Public order offences,324.0,0.0314410480349345
2020-12-31,2020,Q4,Criminal damage and arson,145.0,0.014070839398350316
2020-12-31,2020,Q4,Summary non-motoring,132.0,0.012809315866084425
2020-12-31,2020,Q4,Summary motoring,113.0,0.01096555070354197
2020-12-31,2020,Q4,Other,2.0,0.00019408054342552158
2021-03-31,2021,Q1,Violence against the person,3102.0,0.25528763064768334
2021-03-31,2021,Q1,Drug offences,1941.0,0.15973993909966258
2021-03-31,2021,Q1,Miscellaneous crimes against society,1567.0,0.12896057937618302
2021-03-31,2021,Q1,Sexual offences,1482.0,0.12196527034811949
2021-03-31,2021,Q1,Theft offences,825.0,0.06789564644885195
2021-03-31,2021,Q1,Possession of weapons,690.0,0.05678544975722163
2021-03-31,2021,Q1,Fraud offences,632.0,0.052012180067484155
2021-03-31,2021,Q1,Robbery,554.0,0.04559295531231997
2021-03-31,2021,Q1,Not known,461.0,0.037939264258085754
2021-03-31,2021,Q1,Public order offences,414.0,0.034071269854332974
2021-03-31,2021,Q1,Criminal damage and arson,175.0,0.014402106822483746
2021-03-31,2021,Q1,Summary non-motoring,155.0,0.012756151757057032
2021-03-31,2021,Q1,Summary motoring,150.0,0.012344662990700354
2021-03-31,2021,Q1,Other,3.0,0.0002468932598140071
2021-06-30,2021,Q2,Violence against the person,2919.0,0.2595820364606492
2021-06-30,2021,Q2,Drug offences,1936.0,0.17216540684748777
2021-06-30,2021,Q2,Miscellaneous crimes against society,1413.0,0.1256558470431303
2021-06-30,2021,Q2,Sexual offences,1346.0,0.11969764339706536
2021-06-30,2021,Q2,Theft offences,754.0,0.06705202312138728
2021-06-30,2021,Q2,Possession of weapons,622.0,0.05531347265451312
2021-06-30,2021,Q2,Robbery,539.0,0.04793241440640285
2021-06-30,2021,Q2,Fraud offences,519.0,0.046153846153846156
2021-06-30,2021,Q2,Not known,416.0,0.03699421965317919
2021-06-30,2021,Q2,Public order offences,376.0,0.03343708314806581
2021-06-30,2021,Q2,Criminal damage and arson,184.0,0.016362827923521565
2021-06-30,2021,Q2,Summary non-motoring,114.0,0.010137839039573144
2021-06-30,2021,Q2,Summary motoring,104.0,0.009248554913294798
2021-06-30,2021,Q2,Other,3.0,0.00026678523788350376
2021-09-30,2021,Q3,Violence against the person,3448.0,0.2640729110821781
2021-09-30,2021,Q3,Drug offences,2489.0,0.19062571800566747
2021-09-30,2021,Q3,Miscellaneous crimes against society,1549.0,0.11863368308187179
2021-09-30,2021,Q3,Sexual offences,1543.0,0.11817415945469863
2021-09-30,2021,Q3,Theft offences,863.0,0.06609481504174006
2021-09-30,2021,Q3,Possession of weapons,717.0,0.054913073447193074
2021-09-30,2021,Q3,Robbery,596.0,0.045646013632534274
2021-09-30,2021,Q3,Fraud offences,562.0,0.043042046411886345
2021-09-30,2021,Q3,Not known,461.0,0.035306732021138085
2021-09-30,2021,Q3,Public order offences,438.0,0.033545224783640956
2021-09-30,2021,Q3,Criminal damage and arson,198.0,0.015164279696714406
2021-09-30,2021,Q3,Summary non-motoring,114.0,0.008730948916290112
2021-09-30,2021,Q3,Summary motoring,76.0,0.005820632610860075
2021-09-30,2021,Q3,Other,3.0,0.0002297618135865819
2021-12-31,2021,Q4,Violence against the person,3740.0,0.25828729281767954
2021-12-31,2021,Q4,Drug offences,2942.0,0.2031767955801105
2021-12-31,2021,Q4,Miscellaneous crimes against society,1735.0,0.11982044198895028
2021-12-31,2021,Q4,Sexual offences,1655.0,0.11429558011049724
2021-12-31,2021,Q4,Theft offences,897.0,0.06194751381215469
2021-12-31,2021,Q4,Possession of weapons,802.0,0.05538674033149171
2021-12-31,2021,Q4,Fraud offences,636.0,0.04392265193370166
2021-12-31,2021,Q4,Robbery,606.0,0.04185082872928177
2021-12-31,2021,Q4,Not known,519.0,0.035842541436464086
2021-12-31,2021,Q4,Public order offences,513.0,0.03542817679558011
2021-12-31,2021,Q4,Criminal damage and arson,230.0,0.015883977900552487
2021-12-31,2021,Q4,Summary non-motoring,129.0,0.008908839779005525
2021-12-31,2021,Q4,Summary motoring,74.0,0.005110497237569061
2021-12-31,2021,Q4,Other,2.0,0.00013812154696132598
2022-03-31,2022,Q1,Violence against the person,3801.0,0.24683421001363726
2022-03-31,2022,Q1,Drug offences,3207.0,0.20826027664134034
2022-03-31,2022,Q1,Miscellaneous crimes against society,1911.0,0.12409896746541983
2022-03-31,2022,Q1,Sexual offences,1848.0,0.12000779271381258
2022-03-31,2022,Q1,Theft offences,940.0,0.06104292486525099
2022-03-31,2022,Q1,Possession of weapons,792.0,0.05143191116306254
2022-03-31,2022,Q1,Fraud offences,660.0,0.04285992596921878
2022-03-31,2022,Q1,Robbery,604.0,0.039223326190012335
2022-03-31,2022,Q1,Public order offences,584.0,0.037924540554581464
2022-03-31,2022,Q1,Not known,571.0,0.0370803298915514
2022-03-31,2022,Q1,Criminal damage and arson,242.0,0.015715306188713554
2022-03-31,2022,Q1,Summary non-motoring,137.0,0.008896681602701474
2022-03-31,2022,Q1,Summary motoring,100.0,0.006493928177154361
2022-03-31,2022,Q1,Other,2.0,0.00012987856354308721
2022-06-30,2022,Q2,Violence against the person,3965.0,0.2451920103889679
2022-06-30,2022,Q2,Drug offences,3360.0,0.20777935811019727
2022-06-30,2022,Q2,Miscellaneous crimes against society,2061.0,0.1274503741265228
2022-06-30,2022,Q2,Sexual offences,1994.0,0.12330715478325398
2022-06-30,2022,Q2,Theft offences,982.0,0.06072599097149218
2022-06-30,2022,Q2,Possession of weapons,794.0,0.049100241172469236
2022-06-30,2022,Q2,Fraud offences,669.0,0.04137035433801249
2022-06-30,2022,Q2,Not known,613.0,0.03790736503617587
2022-06-30,2022,Q2,Public order offences,608.0,0.0375981695627976
2022-06-30,2022,Q2,Robbery,589.0,0.036423226763960176
2022-06-30,2022,Q2,Criminal damage and arson,267.0,0.016511038278399604
2022-06-30,2022,Q2,Summary non-motoring,150.0,0.009275864201348093
2022-06-30,2022,Q2,Summary motoring,117.0,0.007235174077051512
2022-06-30,2022,Q2,Other,2.0,0.00012367818935130788
2022-09-30,2022,Q3,Violence against the person,4058.0,0.24010413584994972
2022-09-30,2022,Q3,Drug offences,3588.0,0.21229513046565293
2022-09-30,2022,Q3,Miscellaneous crimes against society,2202.0,0.13028814863025856
2022-09-30,2022,Q3,Sexual offences,2157.0,0.12762558428495355
2022-09-30,2022,Q3,Theft offences,1017.0,0.06017395420389326
2022-09-30,2022,Q3,Possession of weapons,794.0,0.04697946867049287
2022-09-30,2022,Q3,Fraud offences,731.0,0.043251878587065855
2022-09-30,2022,Q3,Public order offences,657.0,0.03887343944145317
2022-09-30,2022,Q3,Robbery,619.0,0.03662505177208449
2022-09-30,2022,Q3,Not known,527.0,0.0311815868883498
2022-09-30,2022,Q3,Criminal damage and arson,273.0,0.01615289036151707
2022-09-30,2022,Q3,Summary non-motoring,155.0,0.009171054967161706
2022-09-30,2022,Q3,Summary motoring,121.0,0.007159339684042364
2022-09-30,2022,Q3,Other,2.0,0.00011833619312466718
2022-12-31,2022,Q4,Violence against the person,4115.0,0.24595063056601518
2022-12-31,2022,Q4,Drug offences,3443.0,0.20578566732412887
2022-12-31,2022,Q4,Sexual offences,2234.0,0.1335245950630566
2022-12-31,2022,Q4,Miscellaneous crimes against society,2205.0,0.13179128563743947
2022-12-31,2022,Q4,Theft offences,975.0,0.05827505827505827
2022-12-31,2022,Q4,Possession of weapons,757.0,0.04524535293766063
2022-12-31,2022,Q4,Fraud offences,718.0,0.0429143506066583
2022-12-31,2022,Q4,Public order offences,630.0,0.037654653039268425
2022-12-31,2022,Q4,Robbery,593.0,0.03544318928934313
2022-12-31,2022,Q4,Not known,507.0,0.030303030303030304
2022-12-31,2022,Q4,Criminal damage and arson,271.0,0.016197477735939273
2022-12-31,2022,Q4,Summary non-motoring,153.0,0.00914470145239376
2022-12-31,2022,Q4,Summary motoring,127.0,0.007590699898392206
2022-12-31,2022,Q4,Other,3.0,0.00017930787161556393
2023-03-31,2023,Q1,Violence against the person,3980.0,0.24077434966727163
2023-03-31,2023,Q1,Drug offences,3358.0,0.20314579552329098
2023-03-31,2023,Q1,Sexual offences,2311.0,0.1398064125831821
2023-03-31,2023,Q1,Miscellaneous crimes against society,2201.0,0.13315184513006656
2023-03-31,2023,Q1,Theft offences,950.0,0.05747126436781609
2023-03-31,2023,Q1,Possession of weapons,782.0,0.04730792498487598
2023-03-31,2023,Q1,Fraud offences,691.0,0.04180278281911676
2023-03-31,2023,Q1,Public order offences,603.0,0.03647912885662432
2023-03-31,2023,Q1,Robbery,578.0,0.03496672716273442
2023-03-31,2023,Q1,Not known,505.0,0.03055051421657592
2023-03-31,2023,Q1,Criminal damage and arson,258.0,0.01560798548094374
2023-03-31,2023,Q1,Summary non-motoring,175.0,0.01058681185722928
2023-03-31,2023,Q1,Summary motoring,135.0,0.008166969147005444
2023-03-31,2023,Q1,Other,3.0,0.00018148820326678765
2023-06-30,2023,Q2,Violence against the person,4023.0,0.24339040474317866
2023-06-30,2023,Q2,Drug offences,3234.0,0.19565611954746204
2023-06-30,2023,Q2,Sexual offences,2422.0,0.14653034061346723
2023-06-30,2023,Q2,Miscellaneous crimes against society,2202.0,0.13322040050819772
2023-06-30,2023,Q2,Theft offences,912.0,0.05517575170911731
2023-06-30,2023,Q2,Possession of weapons,749.0,0.045314296085667616
2023-06-30,2023,Q2,Fraud offences,713.0,0.04313630588662351
2023-06-30,2023,Q2,Public order offences,632.0,0.038235827938774274
2023-06-30,2023,Q2,Robbery,548.0,0.033153850807671366
2023-06-30,2023,Q2,Not known,509.0,0.030794361425373586
2023-06-30,2023,Q2,Criminal damage and arson,242.0,0.01464093411579648
2023-06-30,2023,Q2,Summary non-motoring,183.0,0.011071450178474197
2023-06-30,2023,Q2,Summary motoring,150.0,0.009074959162683768
2023-06-30,2023,Q2,Other,10.0,0.0006049972775122512
2023-09-30,2023,Q3,Violence against the person,3905.0,0.23942366646229307
2023-09-30,2023,Q3,Drug offences,3090.0,0.1894543225015328
2023-09-30,2023,Q3,Sexual offences,2588.0,0.15867565910484366
2023-09-30,2023,Q3,Miscellaneous crimes against society,2161.0,0.13249540159411405
2023-09-30,2023,Q3,Theft offences,896.0,0.054935622317596564
2023-09-30,2023,Q3,Possession of weapons,721.0,0.04420600858369099
2023-09-30,2023,Q3,Fraud offences,697.0,0.04273451870018394
2023-09-30,2023,Q3,Public order offences,656.0,0.04022072348252606
2023-09-30,2023,Q3,Not known,537.0,0.03292458614347026
2023-09-30,2023,Q3,Robbery,485.0,0.02973635806253832
2023-09-30,2023,Q3,Criminal damage and arson,242.0,0.01483752299202943
2023-09-30,2023,Q3,Summary non-motoring,172.0,0.010545677498467198
2023-09-30,2023,Q3,Summary motoring,150.0,0.009196811771919068
2023-09-30,2023,Q3,Other,10.0,0.0006131207847946045
2023-12-31,2023,Q4,Violence against the person,3918.0,0.2429616767952375
2023-12-31,2023,Q4,Drug offences,2933.0,0.18188019347637355
2023-12-31,2023,Q4,Sexual offences,2672.0,0.1656951506883294
2023-12-31,2023,Q4,Miscellaneous crimes against society,2094.0,0.12985241225350366
2023-12-31,2023,Q4,Theft offences,875.0,0.05426020091777254
2023-12-31,2023,Q4,Possession of weapons,699.0,0.04334614907602629
2023-12-31,2023,Q4,Fraud offences,685.0,0.04247798586134193
2023-12-31,2023,Q4,Public order offences,659.0,0.04086568274835669
2023-12-31,2023,Q4,Not known,576.0,0.03571871511844227
2023-12-31,2023,Q4,Robbery,434.0,0.02691305965521518
2023-12-31,2023,Q4,Criminal damage and arson,235.0,0.014572739675058911
2023-12-31,2023,Q4,Summary motoring,168.0,0.010417958576212328
2023-12-31,2023,Q4,Summary non-motoring,168.0,0.010417958576212328
2023-12-31,2023,Q4,Other,10.0,0.0006201165819174004
2024-03-31,2024,Q1,Violence against the person,3974.0,0.24631213586215445
2024-03-31,2024,Q1,Sexual offences,2903.0,0.17993058138093468
2024-03-31,2024,Q1,Drug offences,2745.0,0.17013759761993305
2024-03-31,2024,Q1,Miscellaneous crimes against society,2011.0,0.1246436097681914
2024-03-31,2024,Q1,Theft offences,885.0,0.05485310524358498
2024-03-31,2024,Q1,Possession of weapons,677.0,0.04196107598859551
2024-03-31,2024,Q1,Public order offences,652.0,0.04041155324160159
2024-03-31,2024,Q1,Fraud offences,636.0,0.039419858683525474
2024-03-31,2024,Q1,Not known,610.0,0.037808355026651794
2024-03-31,2024,Q1,Robbery,434.0,0.026899714887814553
2024-03-31,2024,Q1,Criminal damage and arson,251.0,0.015557208379819016
2024-03-31,2024,Q1,Summary motoring,175.0,0.010846659228957481
2024-03-31,2024,Q1,Summary non-motoring,169.0,0.010474773769678938
2024-03-31,2024,Q1,Other,12.0,0.0007437709185570844
2024-06-30,2024,Q2,Violence against the person,4136.0,0.2535712096131445
2024-06-30,2024,Q2,Sexual offences,3143.0,0.1926920483109558
2024-06-30,2024,Q2,Drug offences,2623.0,0.16081172215069586
2024-06-30,2024,Q2,Miscellaneous crimes against society,1968.0,0.1206547728526761
2024-06-30,2024,Q2,Theft offences,874.0,0.0535834712770523
2024-06-30,2024,Q2,Possession of weapons,661.0,0.04052479921525351
2024-06-30,2024,Q2,Not known,650.0,0.039850407700324934
2024-06-30,2024,Q2,Public order offences,648.0,0.03972779106124701
2024-06-30,2024,Q2,Fraud offences,594.0,0.0364171418061431
2024-06-30,2024,Q2,Robbery,416.0,0.02550426092820796
2024-06-30,2024,Q2,Criminal damage and arson,247.0,0.015143154926123475
2024-06-30,2024,Q2,Summary motoring,166.0,0.010177181043467598
2024-06-30,2024,Q2,Summary non-motoring,166.0,0.010177181043467598
2024-06-30,2024,Q2,Other,19.0,0.0011648580712402673
2024-09-30,2024,Q3,Violence against the person,4369.0,0.2705430676822094
2024-09-30,2024,Q3,Sexual offences,3306.0,0.20471855842467027
2024-09-30,2024,Q3,Drug offences,2463.0,0.15251718372654655
2024-09-30,2024,Q3,Miscellaneous crimes against society,1926.0,0.11926435073379156
2024-09-30,2024,Q3,Theft offences,828.0,0.051272524614527214
2024-09-30,2024,Q3,Possession of weapons,656.0,0.040621710322620595
2024-09-30,2024,Q3,Public order offences,622.0,0.038516316799801845
2024-09-30,2024,Q3,Fraud offences,583.0,0.03610130658245093
2024-09-30,2024,Q3,Not known,433.0,0.02681280574648585
2024-09-30,2024,Q3,Robbery,398.0,0.024645488884760668
2024-09-30,2024,Q3,Criminal damage and arson,234.0,0.014490061304105517
2024-09-30,2024,Q3,Summary non-motoring,159.0,0.00984581088612298
2024-09-30,2024,Q3,Summary motoring,155.0,0.009598117530497245
2024-09-30,2024,Q3,Other,17.0,0.001052696761409375
2024-12-31,2024,Q4,Violence against the person,4682.0,0.28232030873130726
2024-12-31,2024,Q4,Sexual offences,3406.0,0.2053786782440907
2024-12-31,2024,Q4,Drug offences,2350.0,0.14170284611673903
2024-12-31,2024,Q4,Miscellaneous crimes against society,1960.0,0.11818620356970574
2024-12-31,2024,Q4,Theft offences,840.0,0.05065123010130246
2024-12-31,2024,Q4,Possession of weapons,691.0,0.041666666666666664
2024-12-31,2024,Q4,Public order offences,673.0,0.0405812831644959
2024-12-31,2024,Q4,Fraud offences,595.0,0.03587795465508924
2024-12-31,2024,Q4,Not known,396.0,0.023878437047756874
2024-12-31,2024,Q4,Robbery,387.0,0.02333574529667149
2024-12-31,2024,Q4,Criminal damage and arson,248.0,0.014954172696575013
2024-12-31,2024,Q4,Summary motoring,177.0,0.010672937771345875
2024-12-31,2024,Q4,Summary non-motoring,162.0,0.009768451519536902
2024-12-31,2024,Q4,Other,17.0,0.0010250844187168354
2025-03-31,2025,Q1,Violence against the person,5156.0,0.2889486662183367
2025-03-31,2025,Q1,Sexual offences,3733.0,0.20920197265187176
2025-03-31,2025,Q1,Drug offences,2472.0,0.13853396099529253
2025-03-31,2025,Q1,Miscellaneous crimes against society,2067.0,0.11583725622057835
2025-03-31,2025,Q1,Theft offences,903.0,0.050605245460659046
2025-03-31,2025,Q1,Possession of weapons,733.0,0.041078233579914816
2025-03-31,2025,Q1,Public order offences,713.0,0.039957408652768436
2025-03-31,2025,Q1,Fraud offences,618.0,0.03463349024882313
2025-03-31,2025,Q1,Robbery,408.0,0.022864828513786146
2025-03-31,2025,Q1,Not known,396.0,0.02219233355749832
2025-03-31,2025,Q1,Criminal damage and arson,258.0,0.014458641560188298
2025-03-31,2025,Q1,Summary motoring,190.0,0.010647836807890608
2025-03-31,2025,Q1,Summary non-motoring,176.0,0.009863259358888142
2025-03-31,2025,Q1,Other,21.0,0.0011768661735036988
2025-06-30,2025,Q2,Violence against the person,5661.0,0.2985129719468467
2025-06-30,2025,Q2,Sexual offences,4011.0,0.2115060113900021
2025-06-30,2025,Q2,Drug offences,2505.0,0.132092385572664
2025-06-30,2025,Q2,Miscellaneous crimes against society,2165.0,0.11416367854882936
2025-06-30,2025,Q2,Theft offences,970.0,0.05114954650917528
2025-06-30,2025,Q2,Possession of weapons,792.0,0.04176334106728538
2025-06-30,2025,Q2,Public order offences,715.0,0.037703016241299306
2025-06-30,2025,Q2,Fraud offences,663.0,0.03496097869647754
2025-06-30,2025,Q2,Robbery,426.0,0.022463615271039863
2025-06-30,2025,Q2,Not known,402.0,0.021198059481122127
2025-06-30,2025,Q2,Criminal damage and arson,279.0,0.014712086057793715
2025-06-30,2025,Q2,Summary motoring,185.0,0.009755325880615904
2025-06-30,2025,Q2,Summary non-motoring,171.0,0.009017085003163889
2025-06-30,2025,Q2,Other,19.0,0.0010018983336848766
2025-09-30,2025,Q3,Violence against the person,6143.0,0.30635348094953124
2025-09-30,2025,Q3,Sexual offences,4336.0,0.21623778176740474
2025-09-30,2025,Q3,Drug offences,2471.0,0.1232296030321165
2025-09-30,2025,Q3,Miscellaneous crimes against society,2221.0,0.11076201875124676
2025-09-30,2025,Q3,Theft offences,999.0,0.049820466786355475
2025-09-30,2025,Q3,Possession of weapons,845.0,0.042140434869339716
2025-09-30,2025,Q3,Public order offences,770.0,0.038400159585078794
2025-09-30,2025,Q3,Fraud offences,693.0,0.034560143626570915
2025-09-30,2025,Q3,Robbery,466.0,0.023239577099541192
2025-09-30,2025,Q3,Not known,436.0,0.021743466985836825
2025-09-30,2025,Q3,Criminal damage and arson,305.0,0.015210452822661081
2025-09-30,2025,Q3,Summary motoring,176.0,0.008777179333732297
2025-09-30,2025,Q3,Summary non-motoring,173.0,0.00862756832236186
2025-09-30,2025,Q3,Other,18.0,0.0008976660682226212
2025-12-31,2025,Q4,Violence against the person,6504.0,0.3096847919245786
2025-12-31,2025,Q4,Sexual offences,4592.0,0.21864584325302353
2025-12-31,2025,Q4,Drug offences,2554.0,0.12160746595562327
2025-12-31,2025,Q4,Miscellaneous crimes against society,2321.0,0.11051328444910008
2025-12-31,2025,Q4,Theft offences,1028.0,0.04894771926483192
2025-12-31,2025,Q4,Possession of weapons,867.0,0.04128178268736311
2025-12-31,2025,Q4,Public order offences,798.0,0.03799638129701933
2025-12-31,2025,Q4,Fraud offences,722.0,0.03437767831635082
2025-12-31,2025,Q4,Robbery,475.0,0.022616893629178174
2025-12-31,2025,Q4,Not known,446.0,0.021236072754975716
2025-12-31,2025,Q4,Criminal damage and arson,314.0,0.014950957051709362
2025-12-31,2025,Q4,Summary motoring,187.0,0.00890391391296067
2025-12-31,2025,Q4,Summary non-motoring,181.0,0.008618226835539472
2025-12-31,2025,Q4,Other,13.0,0.000618988667745929
