quarter_end,year,quarter,age_band,age_order,count
2016-03-31,2016,Q1,Under 4 weeks,1.0,7899.0
2016-03-31,2016,Q1,4 to 8 weeks,2.0,6432.0
2016-03-31,2016,Q1,8 to 12 weeks,3.0,4888.0
2016-03-31,2016,Q1,12 to 16 weeks,4.0,4142.0
2016-03-31,2016,Q1,16 to 20 weeks,5.0,4016.0
2016-03-31,2016,Q1,20 to 26 weeks,6.0,4930.0
2016-03-31,2016,Q1,6 months to under 1 year,7.0,9247.0
2016-03-31,2016,Q1,1 to 2 years,8.0,4300.0
2016-03-31,2016,Q1,2 years or more,9.0,902.0
2016-06-30,2016,Q2,Under 4 weeks,1.0,8195.0
2016-06-30,2016,Q2,4 to 8 weeks,2.0,5840.0
2016-06-30,2016,Q2,8 to 12 weeks,3.0,4493.0
2016-06-30,2016,Q2,12 to 16 weeks,4.0,3673.0
2016-06-30,2016,Q2,16 to 20 weeks,5.0,3344.0
2016-06-30,2016,Q2,20 to 26 weeks,6.0,4138.0
2016-06-30,2016,Q2,6 months to under 1 year,7.0,8989.0
2016-06-30,2016,Q2,1 to 2 years,8.0,3901.0
2016-06-30,2016,Q2,2 years or more,9.0,925.0
2016-09-30,2016,Q3,Under 4 weeks,1.0,8295.0
2016-09-30,2016,Q3,4 to 8 weeks,2.0,5585.0
2016-09-30,2016,Q3,8 to 12 weeks,3.0,4522.0
2016-09-30,2016,Q3,12 to 16 weeks,4.0,3830.0
2016-09-30,2016,Q3,16 to 20 weeks,5.0,3317.0
2016-09-30,2016,Q3,20 to 26 weeks,6.0,3969.0
2016-09-30,2016,Q3,6 months to under 1 year,7.0,7918.0
2016-09-30,2016,Q3,1 to 2 years,8.0,3744.0
2016-09-30,2016,Q3,2 years or more,9.0,951.0
2016-12-31,2016,Q4,Under 4 weeks,1.0,7335.0
2016-12-31,2016,Q4,4 to 8 weeks,2.0,6528.0
2016-12-31,2016,Q4,8 to 12 weeks,3.0,4723.0
2016-12-31,2016,Q4,12 to 16 weeks,4.0,3995.0
2016-12-31,2016,Q4,16 to 20 weeks,5.0,3276.0
2016-12-31,2016,Q4,20 to 26 weeks,6.0,3898.0
2016-12-31,2016,Q4,6 months to under 1 year,7.0,7506.0
2016-12-31,2016,Q4,1 to 2 years,8.0,3605.0
2016-12-31,2016,Q4,2 years or more,9.0,942.0
2017-03-31,2017,Q1,Under 4 weeks,1.0,8537.0
2017-03-31,2017,Q1,4 to 8 weeks,2.0,5939.0
2017-03-31,2017,Q1,8 to 12 weeks,3.0,4404.0
2017-03-31,2017,Q1,12 to 16 weeks,4.0,3429.0
2017-03-31,2017,Q1,16 to 20 weeks,5.0,3382.0
2017-03-31,2017,Q1,20 to 26 weeks,6.0,3854.0
2017-03-31,2017,Q1,6 months to under 1 year,7.0,7045.0
2017-03-31,2017,Q1,1 to 2 years,8.0,2946.0
2017-03-31,2017,Q1,2 years or more,9.0,982.0
2017-06-30,2017,Q2,Under 4 weeks,1.0,8272.0
2017-06-30,2017,Q2,4 to 8 weeks,2.0,5789.0
2017-06-30,2017,Q2,8 to 12 weeks,3.0,4368.0
2017-06-30,2017,Q2,12 to 16 weeks,4.0,4090.0
2017-06-30,2017,Q2,16 to 20 weeks,5.0,3276.0
2017-06-30,2017,Q2,20 to 26 weeks,6.0,3673.0
2017-06-30,2017,Q2,6 months to under 1 year,7.0,6704.0
2017-06-30,2017,Q2,1 to 2 years,8.0,2788.0
2017-06-30,2017,Q2,2 years or more,9.0,959.0
2017-09-30,2017,Q3,Under 4 weeks,1.0,7541.0
2017-09-30,2017,Q3,4 to 8 weeks,2.0,5384.0
2017-09-30,2017,Q3,8 to 12 weeks,3.0,4574.0
2017-09-30,2017,Q3,12 to 16 weeks,4.0,4016.0
2017-09-30,2017,Q3,16 to 20 weeks,5.0,3324.0
2017-09-30,2017,Q3,20 to 26 weeks,6.0,3879.0
2017-09-30,2017,Q3,6 months to under 1 year,7.0,6829.0
2017-09-30,2017,Q3,1 to 2 years,8.0,2591.0
2017-09-30,2017,Q3,2 years or more,9.0,938.0
2017-12-31,2017,Q4,Under 4 weeks,1.0,6659.0
2017-12-31,2017,Q4,4 to 8 weeks,2.0,6034.0
2017-12-31,2017,Q4,8 to 12 weeks,3.0,4520.0
2017-12-31,2017,Q4,12 to 16 weeks,4.0,3511.0
2017-12-31,2017,Q4,16 to 20 weeks,5.0,3092.0
2017-12-31,2017,Q4,20 to 26 weeks,6.0,3786.0
2017-12-31,2017,Q4,6 months to under 1 year,7.0,6854.0
2017-12-31,2017,Q4,1 to 2 years,8.0,2539.0
2017-12-31,2017,Q4,2 years or more,9.0,896.0
2018-03-31,2018,Q1,Under 4 weeks,1.0,7119.0
2018-03-31,2018,Q1,4 to 8 weeks,2.0,5005.0
2018-03-31,2018,Q1,8 to 12 weeks,3.0,4024.0
2018-03-31,2018,Q1,12 to 16 weeks,4.0,3007.0
2018-03-31,2018,Q1,16 to 20 weeks,5.0,3087.0
2018-03-31,2018,Q1,20 to 26 weeks,6.0,3629.0
2018-03-31,2018,Q1,6 months to under 1 year,7.0,6520.0
2018-03-31,2018,Q1,1 to 2 years,8.0,2473.0
2018-03-31,2018,Q1,2 years or more,9.0,855.0
2018-06-30,2018,Q2,Under 4 weeks,1.0,7434.0
2018-06-30,2018,Q2,4 to 8 weeks,2.0,4864.0
2018-06-30,2018,Q2,8 to 12 weeks,3.0,3958.0
2018-06-30,2018,Q2,12 to 16 weeks,4.0,3200.0
2018-06-30,2018,Q2,16 to 20 weeks,5.0,2745.0
2018-06-30,2018,Q2,20 to 26 weeks,6.0,3171.0
2018-06-30,2018,Q2,6 months to under 1 year,7.0,5884.0
2018-06-30,2018,Q2,1 to 2 years,8.0,2445.0
2018-06-30,2018,Q2,2 years or more,9.0,851.0
2018-09-30,2018,Q3,Under 4 weeks,1.0,7090.0
2018-09-30,2018,Q3,4 to 8 weeks,2.0,4958.0
2018-09-30,2018,Q3,8 to 12 weeks,3.0,4028.0
2018-09-30,2018,Q3,12 to 16 weeks,4.0,3276.0
2018-09-30,2018,Q3,16 to 20 weeks,5.0,2776.0
2018-09-30,2018,Q3,20 to 26 weeks,6.0,2994.0
2018-09-30,2018,Q3,6 months to under 1 year,7.0,5401.0
2018-09-30,2018,Q3,1 to 2 years,8.0,2280.0
2018-09-30,2018,Q3,2 years or more,9.0,806.0
2018-12-31,2018,Q4,Under 4 weeks,1.0,6273.0
2018-12-31,2018,Q4,4 to 8 weeks,2.0,5378.0
2018-12-31,2018,Q4,8 to 12 weeks,3.0,3896.0
2018-12-31,2018,Q4,12 to 16 weeks,4.0,3060.0
2018-12-31,2018,Q4,16 to 20 weeks,5.0,2596.0
2018-12-31,2018,Q4,20 to 26 weeks,6.0,3254.0
2018-12-31,2018,Q4,6 months to under 1 year,7.0,5016.0
2018-12-31,2018,Q4,1 to 2 years,8.0,1814.0
2018-12-31,2018,Q4,2 years or more,9.0,765.0
2019-03-31,2019,Q1,Under 4 weeks,1.0,7609.0
2019-03-31,2019,Q1,4 to 8 weeks,2.0,5211.0
2019-03-31,2019,Q1,8 to 12 weeks,3.0,3890.0
2019-03-31,2019,Q1,12 to 16 weeks,4.0,2635.0
2019-03-31,2019,Q1,16 to 20 weeks,5.0,2665.0
2019-03-31,2019,Q1,20 to 26 weeks,6.0,2905.0
2019-03-31,2019,Q1,6 months to under 1 year,7.0,4836.0
2019-03-31,2019,Q1,1 to 2 years,8.0,1688.0
2019-03-31,2019,Q1,2 years or more,9.0,710.0
2019-06-30,2019,Q2,Under 4 weeks,1.0,7569.0
2019-06-30,2019,Q2,4 to 8 weeks,2.0,4976.0
2019-06-30,2019,Q2,8 to 12 weeks,3.0,4089.0
2019-06-30,2019,Q2,12 to 16 weeks,4.0,3526.0
2019-06-30,2019,Q2,16 to 20 weeks,5.0,2923.0
2019-06-30,2019,Q2,20 to 26 weeks,6.0,3055.0
2019-06-30,2019,Q2,6 months to under 1 year,7.0,4838.0
2019-06-30,2019,Q2,1 to 2 years,8.0,1574.0
2019-06-30,2019,Q2,2 years or more,9.0,670.0
2019-09-30,2019,Q3,Under 4 weeks,1.0,7374.0
2019-09-30,2019,Q3,4 to 8 weeks,2.0,5064.0
2019-09-30,2019,Q3,8 to 12 weeks,3.0,4251.0
2019-09-30,2019,Q3,12 to 16 weeks,4.0,3563.0
2019-09-30,2019,Q3,16 to 20 weeks,5.0,2776.0
2019-09-30,2019,Q3,20 to 26 weeks,6.0,3429.0
2019-09-30,2019,Q3,6 months to under 1 year,7.0,5527.0
2019-09-30,2019,Q3,1 to 2 years,8.0,1657.0
2019-09-30,2019,Q3,2 years or more,9.0,635.0
2019-12-31,2019,Q4,Under 4 weeks,1.0,6565.0
2019-12-31,2019,Q4,4 to 8 weeks,2.0,6207.0
2019-12-31,2019,Q4,8 to 12 weeks,3.0,4680.0
2019-12-31,2019,Q4,12 to 16 weeks,4.0,3520.0
2019-12-31,2019,Q4,16 to 20 weeks,5.0,2956.0
2019-12-31,2019,Q4,20 to 26 weeks,6.0,3818.0
2019-12-31,2019,Q4,6 months to under 1 year,7.0,6635.0
2019-12-31,2019,Q4,1 to 2 years,8.0,1759.0
2019-12-31,2019,Q4,2 years or more,9.0,634.0
2020-03-31,2020,Q1,Under 4 weeks,1.0,6387.0
2020-03-31,2020,Q1,4 to 8 weeks,2.0,6516.0
2020-03-31,2020,Q1,8 to 12 weeks,3.0,4849.0
2020-03-31,2020,Q1,12 to 16 weeks,4.0,3075.0
2020-03-31,2020,Q1,16 to 20 weeks,5.0,3465.0
2020-03-31,2020,Q1,20 to 26 weeks,6.0,4260.0
2020-03-31,2020,Q1,6 months to under 1 year,7.0,7860.0
2020-03-31,2020,Q1,1 to 2 years,8.0,2369.0
2020-03-31,2020,Q1,2 years or more,9.0,659.0
2020-06-30,2020,Q2,Under 4 weeks,1.0,5743.0
2020-06-30,2020,Q2,4 to 8 weeks,2.0,3326.0
2020-06-30,2020,Q2,8 to 12 weeks,3.0,2098.0
2020-06-30,2020,Q2,12 to 16 weeks,4.0,3234.0
2020-06-30,2020,Q2,16 to 20 weeks,5.0,4690.0
2020-06-30,2020,Q2,20 to 26 weeks,6.0,5297.0
2020-06-30,2020,Q2,6 months to under 1 year,7.0,12361.0
2020-06-30,2020,Q2,1 to 2 years,8.0,4099.0
2020-06-30,2020,Q2,2 years or more,9.0,759.0
2020-09-30,2020,Q3,Under 4 weeks,1.0,8828.0
2020-09-30,2020,Q3,4 to 8 weeks,2.0,6678.0
2020-09-30,2020,Q3,8 to 12 weeks,3.0,5357.0
2020-09-30,2020,Q3,12 to 16 weeks,4.0,3688.0
2020-09-30,2020,Q3,16 to 20 weeks,5.0,2284.0
2020-09-30,2020,Q3,20 to 26 weeks,6.0,1910.0
2020-09-30,2020,Q3,6 months to under 1 year,7.0,13521.0
2020-09-30,2020,Q3,1 to 2 years,8.0,6410.0
2020-09-30,2020,Q3,2 years or more,9.0,893.0
2020-12-31,2020,Q4,Under 4 weeks,1.0,6985.0
2020-12-31,2020,Q4,4 to 8 weeks,2.0,7213.0
2020-12-31,2020,Q4,8 to 12 weeks,3.0,6067.0
2020-12-31,2020,Q4,12 to 16 weeks,4.0,5179.0
2020-12-31,2020,Q4,16 to 20 weeks,5.0,4300.0
2020-12-31,2020,Q4,20 to 26 weeks,6.0,5240.0
2020-12-31,2020,Q4,6 months to under 1 year,7.0,9817.0
2020-12-31,2020,Q4,1 to 2 years,8.0,9168.0
2020-12-31,2020,Q4,2 years or more,9.0,1137.0
2021-03-31,2021,Q1,Under 4 weeks,1.0,7733.0
2021-03-31,2021,Q1,4 to 8 weeks,2.0,6578.0
2021-03-31,2021,Q1,8 to 12 weeks,3.0,5358.0
2021-03-31,2021,Q1,12 to 16 weeks,4.0,3766.0
2021-03-31,2021,Q1,16 to 20 weeks,5.0,4342.0
2021-03-31,2021,Q1,20 to 26 weeks,6.0,5831.0
2021-03-31,2021,Q1,6 months to under 1 year,7.0,12034.0
2021-03-31,2021,Q1,1 to 2 years,8.0,10558.0
2021-03-31,2021,Q1,2 years or more,9.0,1593.0
2021-06-30,2021,Q2,Under 4 weeks,1.0,7595.0
2021-06-30,2021,Q2,4 to 8 weeks,2.0,6010.0
2021-06-30,2021,Q2,8 to 12 weeks,3.0,5024.0
2021-06-30,2021,Q2,12 to 16 weeks,4.0,4064.0
2021-06-30,2021,Q2,16 to 20 weeks,5.0,4108.0
2021-06-30,2021,Q2,20 to 26 weeks,6.0,5105.0
2021-06-30,2021,Q2,6 months to under 1 year,7.0,15406.0
2021-06-30,2021,Q2,1 to 2 years,8.0,9122.0
2021-06-30,2021,Q2,2 years or more,9.0,2123.0
2021-09-30,2021,Q3,Under 4 weeks,1.0,6586.0
2021-09-30,2021,Q3,4 to 8 weeks,2.0,5230.0
2021-09-30,2021,Q3,8 to 12 weeks,3.0,4588.0
2021-09-30,2021,Q3,12 to 16 weeks,4.0,4243.0
2021-09-30,2021,Q3,16 to 20 weeks,5.0,3839.0
2021-09-30,2021,Q3,20 to 26 weeks,6.0,4707.0
2021-09-30,2021,Q3,6 months to under 1 year,7.0,15244.0
2021-09-30,2021,Q3,1 to 2 years,8.0,10185.0
2021-09-30,2021,Q3,2 years or more,9.0,2872.0
2021-12-31,2021,Q4,Under 4 weeks,1.0,5584.0
2021-12-31,2021,Q4,4 to 8 weeks,2.0,5773.0
2021-12-31,2021,Q4,8 to 12 weeks,3.0,4533.0
2021-12-31,2021,Q4,12 to 16 weeks,4.0,3707.0
2021-12-31,2021,Q4,16 to 20 weeks,5.0,3196.0
2021-12-31,2021,Q4,20 to 26 weeks,6.0,4400.0
2021-12-31,2021,Q4,6 months to under 1 year,7.0,14545.0
2021-12-31,2021,Q4,1 to 2 years,8.0,10871.0
2021-12-31,2021,Q4,2 years or more,9.0,3609.0
2022-03-31,2022,Q1,Under 4 weeks,1.0,7478.0
2022-03-31,2022,Q1,4 to 8 weeks,2.0,5790.0
2022-03-31,2022,Q1,8 to 12 weeks,3.0,4401.0
2022-03-31,2022,Q1,12 to 16 weeks,4.0,3029.0
2022-03-31,2022,Q1,16 to 20 weeks,5.0,3338.0
2022-03-31,2022,Q1,20 to 26 weeks,6.0,4098.0
2022-03-31,2022,Q1,6 months to under 1 year,7.0,12054.0
2022-03-31,2022,Q1,1 to 2 years,8.0,11363.0
2022-03-31,2022,Q1,2 years or more,9.0,4036.0
2022-06-30,2022,Q2,Under 4 weeks,1.0,7201.0
2022-06-30,2022,Q2,4 to 8 weeks,2.0,5555.0
2022-06-30,2022,Q2,8 to 12 weeks,3.0,4560.0
2022-06-30,2022,Q2,12 to 16 weeks,4.0,4239.0
2022-06-30,2022,Q2,16 to 20 weeks,5.0,3733.0
2022-06-30,2022,Q2,20 to 26 weeks,6.0,4351.0
2022-06-30,2022,Q2,6 months to under 1 year,7.0,11050.0
2022-06-30,2022,Q2,1 to 2 years,8.0,12155.0
2022-06-30,2022,Q2,2 years or more,9.0,4016.0
2022-09-30,2022,Q3,Under 4 weeks,1.0,6575.0
2022-09-30,2022,Q3,4 to 8 weeks,2.0,5684.0
2022-09-30,2022,Q3,8 to 12 weeks,3.0,5093.0
2022-09-30,2022,Q3,12 to 16 weeks,4.0,4590.0
2022-09-30,2022,Q3,16 to 20 weeks,5.0,3704.0
2022-09-30,2022,Q3,20 to 26 weeks,6.0,4796.0
2022-09-30,2022,Q3,6 months to under 1 year,7.0,12747.0
2022-09-30,2022,Q3,1 to 2 years,8.0,11922.0
2022-09-30,2022,Q3,2 years or more,9.0,4979.0
2022-12-31,2022,Q4,Under 4 weeks,1.0,5815.0
2022-12-31,2022,Q4,4 to 8 weeks,2.0,6282.0
2022-12-31,2022,Q4,8 to 12 weeks,3.0,4990.0
2022-12-31,2022,Q4,12 to 16 weeks,4.0,4006.0
2022-12-31,2022,Q4,16 to 20 weeks,5.0,3565.0
2022-12-31,2022,Q4,20 to 26 weeks,6.0,4972.0
2022-12-31,2022,Q4,6 months to under 1 year,7.0,13210.0
2022-12-31,2022,Q4,1 to 2 years,8.0,11123.0
2022-12-31,2022,Q4,2 years or more,9.0,5608.0
2023-03-31,2023,Q1,Under 4 weeks,1.0,7557.0
2023-03-31,2023,Q1,4 to 8 weeks,2.0,5784.0
2023-03-31,2023,Q1,8 to 12 weeks,3.0,4786.0
2023-03-31,2023,Q1,12 to 16 weeks,4.0,3174.0
2023-03-31,2023,Q1,16 to 20 weeks,5.0,3735.0
2023-03-31,2023,Q1,20 to 26 weeks,6.0,4783.0
2023-03-31,2023,Q1,6 months to under 1 year,7.0,12438.0
2023-03-31,2023,Q1,1 to 2 years,8.0,10446.0
2023-03-31,2023,Q1,2 years or more,9.0,6084.0
2023-06-30,2023,Q2,Under 4 weeks,1.0,8239.0
2023-06-30,2023,Q2,4 to 8 weeks,2.0,6189.0
2023-06-30,2023,Q2,8 to 12 weeks,3.0,5361.0
2023-06-30,2023,Q2,12 to 16 weeks,4.0,4409.0
2023-06-30,2023,Q2,16 to 20 weeks,5.0,3891.0
2023-06-30,2023,Q2,20 to 26 weeks,6.0,4583.0
2023-06-30,2023,Q2,6 months to under 1 year,7.0,12251.0
2023-06-30,2023,Q2,1 to 2 years,8.0,10212.0
2023-06-30,2023,Q2,2 years or more,9.0,6317.0
2023-09-30,2023,Q3,Under 4 weeks,1.0,8034.0
2023-09-30,2023,Q3,4 to 8 weeks,2.0,6585.0
2023-09-30,2023,Q3,8 to 12 weeks,3.0,5637.0
2023-09-30,2023,Q3,12 to 16 weeks,4.0,4761.0
2023-09-30,2023,Q3,16 to 20 weeks,5.0,4086.0
2023-09-30,2023,Q3,20 to 26 weeks,6.0,5102.0
2023-09-30,2023,Q3,6 months to under 1 year,7.0,12568.0
2023-09-30,2023,Q3,1 to 2 years,8.0,10124.0
2023-09-30,2023,Q3,2 years or more,9.0,6186.0
2023-12-31,2023,Q4,Under 4 weeks,1.0,7131.0
2023-12-31,2023,Q4,4 to 8 weeks,2.0,7022.0
2023-12-31,2023,Q4,8 to 12 weeks,3.0,5609.0
2023-12-31,2023,Q4,12 to 16 weeks,4.0,4915.0
2023-12-31,2023,Q4,16 to 20 weeks,5.0,4129.0
2023-12-31,2023,Q4,20 to 26 weeks,6.0,5402.0
2023-12-31,2023,Q4,6 months to under 1 year,7.0,13403.0
2023-12-31,2023,Q4,1 to 2 years,8.0,10198.0
2023-12-31,2023,Q4,2 years or more,9.0,5928.0
2024-03-31,2024,Q1,Under 4 weeks,1.0,8737.0
2024-03-31,2024,Q1,4 to 8 weeks,2.0,6953.0
2024-03-31,2024,Q1,8 to 12 weeks,3.0,5983.0
2024-03-31,2024,Q1,12 to 16 weeks,4.0,4123.0
2024-03-31,2024,Q1,16 to 20 weeks,5.0,4396.0
2024-03-31,2024,Q1,20 to 26 weeks,6.0,5360.0
2024-03-31,2024,Q1,6 months to under 1 year,7.0,13693.0
2024-03-31,2024,Q1,1 to 2 years,8.0,10122.0
2024-03-31,2024,Q1,2 years or more,9.0,6012.0
2024-06-30,2024,Q2,Under 4 weeks,1.0,9027.0
2024-06-30,2024,Q2,4 to 8 weeks,2.0,6987.0
2024-06-30,2024,Q2,8 to 12 weeks,3.0,6266.0
2024-06-30,2024,Q2,12 to 16 weeks,4.0,4991.0
2024-06-30,2024,Q2,16 to 20 weeks,5.0,4365.0
2024-06-30,2024,Q2,20 to 26 weeks,6.0,5742.0
2024-06-30,2024,Q2,6 months to under 1 year,7.0,13584.0
2024-06-30,2024,Q2,1 to 2 years,8.0,10379.0
2024-06-30,2024,Q2,2 years or more,9.0,5932.0
2024-09-30,2024,Q3,Under 4 weeks,1.0,8863.0
2024-09-30,2024,Q3,4 to 8 weeks,2.0,7258.0
2024-09-30,2024,Q3,8 to 12 weeks,3.0,6298.0
2024-09-30,2024,Q3,12 to 16 weeks,4.0,5369.0
2024-09-30,2024,Q3,16 to 20 weeks,5.0,4564.0
2024-09-30,2024,Q3,20 to 26 weeks,6.0,6023.0
2024-09-30,2024,Q3,6 months to under 1 year,7.0,14541.0
2024-09-30,2024,Q3,1 to 2 years,8.0,10609.0
2024-09-30,2024,Q3,2 years or more,9.0,5540.0
2024-12-31,2024,Q4,Under 4 weeks,1.0,7301.0
2024-12-31,2024,Q4,4 to 8 weeks,2.0,7547.0
2024-12-31,2024,Q4,8 to 12 weeks,3.0,6439.0
2024-12-31,2024,Q4,12 to 16 weeks,4.0,5342.0
2024-12-31,2024,Q4,16 to 20 weeks,5.0,4769.0
2024-12-31,2024,Q4,20 to 26 weeks,6.0,6178.0
2024-12-31,2024,Q4,6 months to under 1 year,7.0,16063.0
2024-12-31,2024,Q4,1 to 2 years,8.0,11078.0
2024-12-31,2024,Q4,2 years or more,9.0,5506.0
2025-03-31,2025,Q1,Under 4 weeks,1.0,9135.0
2025-03-31,2025,Q1,4 to 8 weeks,2.0,7335.0
2025-03-31,2025,Q1,8 to 12 weeks,3.0,6234.0
2025-03-31,2025,Q1,12 to 16 weeks,4.0,4306.0
2025-03-31,2025,Q1,16 to 20 weeks,5.0,4824.0
2025-03-31,2025,Q1,20 to 26 weeks,6.0,6154.0
2025-03-31,2025,Q1,6 months to under 1 year,7.0,16607.0
2025-03-31,2025,Q1,1 to 2 years,8.0,12244.0
2025-03-31,2025,Q1,2 years or more,9.0,5600.0
2025-06-30,2025,Q2,Under 4 weeks,1.0,9171.0
2025-06-30,2025,Q2,4 to 8 weeks,2.0,7124.0
2025-06-30,2025,Q2,8 to 12 weeks,3.0,6109.0
2025-06-30,2025,Q2,12 to 16 weeks,4.0,5706.0
2025-06-30,2025,Q2,16 to 20 weeks,5.0,4762.0
2025-06-30,2025,Q2,20 to 26 weeks,6.0,5786.0
2025-06-30,2025,Q2,6 months to under 1 year,7.0,16301.0
2025-06-30,2025,Q2,1 to 2 years,8.0,13139.0
2025-06-30,2025,Q2,2 years or more,9.0,5825.0
2025-09-30,2025,Q3,Under 4 weeks,1.0,8548.0
2025-09-30,2025,Q3,4 to 8 weeks,2.0,6967.0
2025-09-30,2025,Q3,8 to 12 weeks,3.0,6292.0
2025-09-30,2025,Q3,12 to 16 weeks,4.0,5858.0
2025-09-30,2025,Q3,16 to 20 weeks,5.0,4649.0
2025-09-30,2025,Q3,20 to 26 weeks,6.0,6213.0
2025-09-30,2025,Q3,6 months to under 1 year,7.0,16651.0
2025-09-30,2025,Q3,1 to 2 years,8.0,14092.0
2025-09-30,2025,Q3,2 years or more,9.0,5960.0
2025-12-31,2025,Q4,Under 4 weeks,1.0,7323.0
2025-12-31,2025,Q4,4 to 8 weeks,2.0,7395.0
2025-12-31,2025,Q4,8 to 12 weeks,3.0,5946.0
2025-12-31,2025,Q4,12 to 16 weeks,4.0,5279.0
2025-12-31,2025,Q4,16 to 20 weeks,5.0,4662.0
2025-12-31,2025,Q4,20 to 26 weeks,6.0,6299.0
2025-12-31,2025,Q4,6 months to under 1 year,7.0,17893.0
2025-12-31,2025,Q4,1 to 2 years,8.0,14839.0
2025-12-31,2025,Q4,2 years or more,9.0,6163.0
