quarter_end,year,quarter,remand_status,age_band,age_order,count
2016-03-31,2016,Q1,Bail,Under 4 weeks,1.0,3349.0
2016-03-31,2016,Q1,Bail,4 to 8 weeks,2.0,3143.0
2016-03-31,2016,Q1,Bail,8 to 12 weeks,3.0,2569.0
2016-03-31,2016,Q1,Bail,12 to 16 weeks,4.0,2407.0
2016-03-31,2016,Q1,Bail,16 to 20 weeks,5.0,2468.0
2016-03-31,2016,Q1,Bail,20 to 26 weeks,6.0,3212.0
2016-03-31,2016,Q1,Bail,6 months to under 1 year,7.0,6876.0
2016-03-31,2016,Q1,Bail,1 to 2 years,8.0,3468.0
2016-03-31,2016,Q1,Bail,2 years or more,9.0,509.0
2016-03-31,2016,Q1,Custody,Under 4 weeks,1.0,1900.0
2016-03-31,2016,Q1,Custody,4 to 8 weeks,2.0,1641.0
2016-03-31,2016,Q1,Custody,8 to 12 weeks,3.0,1378.0
2016-03-31,2016,Q1,Custody,12 to 16 weeks,4.0,1190.0
2016-03-31,2016,Q1,Custody,16 to 20 weeks,5.0,1051.0
2016-03-31,2016,Q1,Custody,20 to 26 weeks,6.0,1241.0
2016-03-31,2016,Q1,Custody,6 months to under 1 year,7.0,1433.0
2016-03-31,2016,Q1,Custody,1 to 2 years,8.0,449.0
2016-03-31,2016,Q1,Custody,2 years or more,9.0,92.0
2016-03-31,2016,Q1,Unknown,Under 4 weeks,1.0,44.0
2016-03-31,2016,Q1,Unknown,4 to 8 weeks,2.0,87.0
2016-03-31,2016,Q1,Unknown,8 to 12 weeks,3.0,88.0
2016-03-31,2016,Q1,Unknown,12 to 16 weeks,4.0,69.0
2016-03-31,2016,Q1,Unknown,16 to 20 weeks,5.0,77.0
2016-03-31,2016,Q1,Unknown,20 to 26 weeks,6.0,106.0
2016-03-31,2016,Q1,Unknown,6 months to under 1 year,7.0,275.0
2016-03-31,2016,Q1,Unknown,1 to 2 years,8.0,146.0
2016-03-31,2016,Q1,Unknown,2 years or more,9.0,116.0
2016-06-30,2016,Q2,Bail,Under 4 weeks,1.0,3575.0
2016-06-30,2016,Q2,Bail,4 to 8 weeks,2.0,2894.0
2016-06-30,2016,Q2,Bail,8 to 12 weeks,3.0,2447.0
2016-06-30,2016,Q2,Bail,12 to 16 weeks,4.0,2156.0
2016-06-30,2016,Q2,Bail,16 to 20 weeks,5.0,2024.0
2016-06-30,2016,Q2,Bail,20 to 26 weeks,6.0,2646.0
2016-06-30,2016,Q2,Bail,6 months to under 1 year,7.0,6709.0
2016-06-30,2016,Q2,Bail,1 to 2 years,8.0,3131.0
2016-06-30,2016,Q2,Bail,2 years or more,9.0,525.0
2016-06-30,2016,Q2,Custody,Under 4 weeks,1.0,1847.0
2016-06-30,2016,Q2,Custody,4 to 8 weeks,2.0,1526.0
2016-06-30,2016,Q2,Custody,8 to 12 weeks,3.0,1160.0
2016-06-30,2016,Q2,Custody,12 to 16 weeks,4.0,894.0
2016-06-30,2016,Q2,Custody,16 to 20 weeks,5.0,852.0
2016-06-30,2016,Q2,Custody,20 to 26 weeks,6.0,984.0
2016-06-30,2016,Q2,Custody,6 months to under 1 year,7.0,1399.0
2016-06-30,2016,Q2,Custody,1 to 2 years,8.0,427.0
2016-06-30,2016,Q2,Custody,2 years or more,9.0,88.0
2016-06-30,2016,Q2,Unknown,Under 4 weeks,1.0,41.0
2016-06-30,2016,Q2,Unknown,4 to 8 weeks,2.0,85.0
2016-06-30,2016,Q2,Unknown,8 to 12 weeks,3.0,95.0
2016-06-30,2016,Q2,Unknown,12 to 16 weeks,4.0,97.0
2016-06-30,2016,Q2,Unknown,16 to 20 weeks,5.0,88.0
2016-06-30,2016,Q2,Unknown,20 to 26 weeks,6.0,104.0
2016-06-30,2016,Q2,Unknown,6 months to under 1 year,7.0,284.0
2016-06-30,2016,Q2,Unknown,1 to 2 years,8.0,122.0
2016-06-30,2016,Q2,Unknown,2 years or more,9.0,115.0
2016-09-30,2016,Q3,Bail,Under 4 weeks,1.0,3379.0
2016-09-30,2016,Q3,Bail,4 to 8 weeks,2.0,2710.0
2016-09-30,2016,Q3,Bail,8 to 12 weeks,3.0,2356.0
2016-09-30,2016,Q3,Bail,12 to 16 weeks,4.0,2203.0
2016-09-30,2016,Q3,Bail,16 to 20 weeks,5.0,2038.0
2016-09-30,2016,Q3,Bail,20 to 26 weeks,6.0,2550.0
2016-09-30,2016,Q3,Bail,6 months to under 1 year,7.0,5807.0
2016-09-30,2016,Q3,Bail,1 to 2 years,8.0,2927.0
2016-09-30,2016,Q3,Bail,2 years or more,9.0,515.0
2016-09-30,2016,Q3,Custody,Under 4 weeks,1.0,2110.0
2016-09-30,2016,Q3,Custody,4 to 8 weeks,2.0,1514.0
2016-09-30,2016,Q3,Custody,8 to 12 weeks,3.0,1244.0
2016-09-30,2016,Q3,Custody,12 to 16 weeks,4.0,1004.0
2016-09-30,2016,Q3,Custody,16 to 20 weeks,5.0,802.0
2016-09-30,2016,Q3,Custody,20 to 26 weeks,6.0,914.0
2016-09-30,2016,Q3,Custody,6 months to under 1 year,7.0,1201.0
2016-09-30,2016,Q3,Custody,1 to 2 years,8.0,459.0
2016-09-30,2016,Q3,Custody,2 years or more,9.0,114.0
2016-09-30,2016,Q3,Unknown,Under 4 weeks,1.0,34.0
2016-09-30,2016,Q3,Unknown,4 to 8 weeks,2.0,72.0
2016-09-30,2016,Q3,Unknown,8 to 12 weeks,3.0,81.0
2016-09-30,2016,Q3,Unknown,12 to 16 weeks,4.0,100.0
2016-09-30,2016,Q3,Unknown,16 to 20 weeks,5.0,107.0
2016-09-30,2016,Q3,Unknown,20 to 26 weeks,6.0,115.0
2016-09-30,2016,Q3,Unknown,6 months to under 1 year,7.0,300.0
2016-09-30,2016,Q3,Unknown,1 to 2 years,8.0,137.0
2016-09-30,2016,Q3,Unknown,2 years or more,9.0,123.0
2016-12-31,2016,Q4,Bail,Under 4 weeks,1.0,3031.0
2016-12-31,2016,Q4,Bail,4 to 8 weeks,2.0,3171.0
2016-12-31,2016,Q4,Bail,8 to 12 weeks,3.0,2428.0
2016-12-31,2016,Q4,Bail,12 to 16 weeks,4.0,2178.0
2016-12-31,2016,Q4,Bail,16 to 20 weeks,5.0,1923.0
2016-12-31,2016,Q4,Bail,20 to 26 weeks,6.0,2428.0
2016-12-31,2016,Q4,Bail,6 months to under 1 year,7.0,5363.0
2016-12-31,2016,Q4,Bail,1 to 2 years,8.0,2807.0
2016-12-31,2016,Q4,Bail,2 years or more,9.0,497.0
2016-12-31,2016,Q4,Custody,Under 4 weeks,1.0,1804.0
2016-12-31,2016,Q4,Custody,4 to 8 weeks,2.0,1678.0
2016-12-31,2016,Q4,Custody,8 to 12 weeks,3.0,1257.0
2016-12-31,2016,Q4,Custody,12 to 16 weeks,4.0,1136.0
2016-12-31,2016,Q4,Custody,16 to 20 weeks,5.0,895.0
2016-12-31,2016,Q4,Custody,20 to 26 weeks,6.0,962.0
2016-12-31,2016,Q4,Custody,6 months to under 1 year,7.0,1185.0
2016-12-31,2016,Q4,Custody,1 to 2 years,8.0,430.0
2016-12-31,2016,Q4,Custody,2 years or more,9.0,103.0
2016-12-31,2016,Q4,Unknown,Under 4 weeks,1.0,28.0
2016-12-31,2016,Q4,Unknown,4 to 8 weeks,2.0,82.0
2016-12-31,2016,Q4,Unknown,8 to 12 weeks,3.0,75.0
2016-12-31,2016,Q4,Unknown,12 to 16 weeks,4.0,92.0
2016-12-31,2016,Q4,Unknown,16 to 20 weeks,5.0,78.0
2016-12-31,2016,Q4,Unknown,20 to 26 weeks,6.0,121.0
2016-12-31,2016,Q4,Unknown,6 months to under 1 year,7.0,314.0
2016-12-31,2016,Q4,Unknown,1 to 2 years,8.0,156.0
2016-12-31,2016,Q4,Unknown,2 years or more,9.0,132.0
2017-03-31,2017,Q1,Bail,Under 4 weeks,1.0,3506.0
2017-03-31,2017,Q1,Bail,4 to 8 weeks,2.0,2818.0
2017-03-31,2017,Q1,Bail,8 to 12 weeks,3.0,2254.0
2017-03-31,2017,Q1,Bail,12 to 16 weeks,4.0,1992.0
2017-03-31,2017,Q1,Bail,16 to 20 weeks,5.0,1997.0
2017-03-31,2017,Q1,Bail,20 to 26 weeks,6.0,2324.0
2017-03-31,2017,Q1,Bail,6 months to under 1 year,7.0,4970.0
2017-03-31,2017,Q1,Bail,1 to 2 years,8.0,2218.0
2017-03-31,2017,Q1,Bail,2 years or more,9.0,546.0
2017-03-31,2017,Q1,Custody,Under 4 weeks,1.0,2104.0
2017-03-31,2017,Q1,Custody,4 to 8 weeks,2.0,1657.0
2017-03-31,2017,Q1,Custody,8 to 12 weeks,3.0,1304.0
2017-03-31,2017,Q1,Custody,12 to 16 weeks,4.0,914.0
2017-03-31,2017,Q1,Custody,16 to 20 weeks,5.0,905.0
2017-03-31,2017,Q1,Custody,20 to 26 weeks,6.0,1006.0
2017-03-31,2017,Q1,Custody,6 months to under 1 year,7.0,1197.0
2017-03-31,2017,Q1,Custody,1 to 2 years,8.0,369.0
2017-03-31,2017,Q1,Custody,2 years or more,9.0,98.0
2017-03-31,2017,Q1,Unknown,Under 4 weeks,1.0,32.0
2017-03-31,2017,Q1,Unknown,4 to 8 weeks,2.0,53.0
2017-03-31,2017,Q1,Unknown,8 to 12 weeks,3.0,92.0
2017-03-31,2017,Q1,Unknown,12 to 16 weeks,4.0,62.0
2017-03-31,2017,Q1,Unknown,16 to 20 weeks,5.0,77.0
2017-03-31,2017,Q1,Unknown,20 to 26 weeks,6.0,112.0
2017-03-31,2017,Q1,Unknown,6 months to under 1 year,7.0,289.0
2017-03-31,2017,Q1,Unknown,1 to 2 years,8.0,146.0
2017-03-31,2017,Q1,Unknown,2 years or more,9.0,131.0
2017-06-30,2017,Q2,Bail,Under 4 weeks,1.0,3144.0
2017-06-30,2017,Q2,Bail,4 to 8 weeks,2.0,2789.0
2017-06-30,2017,Q2,Bail,8 to 12 weeks,3.0,2370.0
2017-06-30,2017,Q2,Bail,12 to 16 weeks,4.0,2278.0
2017-06-30,2017,Q2,Bail,16 to 20 weeks,5.0,1865.0
2017-06-30,2017,Q2,Bail,20 to 26 weeks,6.0,2230.0
2017-06-30,2017,Q2,Bail,6 months to under 1 year,7.0,4699.0
2017-06-30,2017,Q2,Bail,1 to 2 years,8.0,2072.0
2017-06-30,2017,Q2,Bail,2 years or more,9.0,499.0
2017-06-30,2017,Q2,Custody,Under 4 weeks,1.0,2255.0
2017-06-30,2017,Q2,Custody,4 to 8 weeks,2.0,1590.0
2017-06-30,2017,Q2,Custody,8 to 12 weeks,3.0,1211.0
2017-06-30,2017,Q2,Custody,12 to 16 weeks,4.0,1121.0
2017-06-30,2017,Q2,Custody,16 to 20 weeks,5.0,902.0
2017-06-30,2017,Q2,Custody,20 to 26 weeks,6.0,959.0
2017-06-30,2017,Q2,Custody,6 months to under 1 year,7.0,1105.0
2017-06-30,2017,Q2,Custody,1 to 2 years,8.0,354.0
2017-06-30,2017,Q2,Custody,2 years or more,9.0,106.0
2017-06-30,2017,Q2,Unknown,Under 4 weeks,1.0,26.0
2017-06-30,2017,Q2,Unknown,4 to 8 weeks,2.0,59.0
2017-06-30,2017,Q2,Unknown,8 to 12 weeks,3.0,76.0
2017-06-30,2017,Q2,Unknown,12 to 16 weeks,4.0,68.0
2017-06-30,2017,Q2,Unknown,16 to 20 weeks,5.0,76.0
2017-06-30,2017,Q2,Unknown,20 to 26 weeks,6.0,126.0
2017-06-30,2017,Q2,Unknown,6 months to under 1 year,7.0,279.0
2017-06-30,2017,Q2,Unknown,1 to 2 years,8.0,141.0
2017-06-30,2017,Q2,Unknown,2 years or more,9.0,133.0
2017-09-30,2017,Q3,Bail,Under 4 weeks,1.0,2778.0
2017-09-30,2017,Q3,Bail,4 to 8 weeks,2.0,2360.0
2017-09-30,2017,Q3,Bail,8 to 12 weeks,3.0,2198.0
2017-09-30,2017,Q3,Bail,12 to 16 weeks,4.0,2090.0
2017-09-30,2017,Q3,Bail,16 to 20 weeks,5.0,1875.0
2017-09-30,2017,Q3,Bail,20 to 26 weeks,6.0,2393.0
2017-09-30,2017,Q3,Bail,6 months to under 1 year,7.0,4645.0
2017-09-30,2017,Q3,Bail,1 to 2 years,8.0,1905.0
2017-09-30,2017,Q3,Bail,2 years or more,9.0,477.0
2017-09-30,2017,Q3,Custody,Under 4 weeks,1.0,2046.0
2017-09-30,2017,Q3,Custody,4 to 8 weeks,2.0,1689.0
2017-09-30,2017,Q3,Custody,8 to 12 weeks,3.0,1420.0
2017-09-30,2017,Q3,Custody,12 to 16 weeks,4.0,1253.0
2017-09-30,2017,Q3,Custody,16 to 20 weeks,5.0,960.0
2017-09-30,2017,Q3,Custody,20 to 26 weeks,6.0,997.0
2017-09-30,2017,Q3,Custody,6 months to under 1 year,7.0,1238.0
2017-09-30,2017,Q3,Custody,1 to 2 years,8.0,309.0
2017-09-30,2017,Q3,Custody,2 years or more,9.0,100.0
2017-09-30,2017,Q3,Unknown,Under 4 weeks,1.0,33.0
2017-09-30,2017,Q3,Unknown,4 to 8 weeks,2.0,62.0
2017-09-30,2017,Q3,Unknown,8 to 12 weeks,3.0,76.0
2017-09-30,2017,Q3,Unknown,12 to 16 weeks,4.0,79.0
2017-09-30,2017,Q3,Unknown,16 to 20 weeks,5.0,64.0
2017-09-30,2017,Q3,Unknown,20 to 26 weeks,6.0,112.0
2017-09-30,2017,Q3,Unknown,6 months to under 1 year,7.0,254.0
2017-09-30,2017,Q3,Unknown,1 to 2 years,8.0,156.0
2017-09-30,2017,Q3,Unknown,2 years or more,9.0,136.0
2017-12-31,2017,Q4,Bail,Under 4 weeks,1.0,2556.0
2017-12-31,2017,Q4,Bail,4 to 8 weeks,2.0,2641.0
2017-12-31,2017,Q4,Bail,8 to 12 weeks,3.0,2234.0
2017-12-31,2017,Q4,Bail,12 to 16 weeks,4.0,1813.0
2017-12-31,2017,Q4,Bail,16 to 20 weeks,5.0,1710.0
2017-12-31,2017,Q4,Bail,20 to 26 weeks,6.0,2194.0
2017-12-31,2017,Q4,Bail,6 months to under 1 year,7.0,4690.0
2017-12-31,2017,Q4,Bail,1 to 2 years,8.0,1829.0
2017-12-31,2017,Q4,Bail,2 years or more,9.0,436.0
2017-12-31,2017,Q4,Custody,Under 4 weeks,1.0,1716.0
2017-12-31,2017,Q4,Custody,4 to 8 weeks,2.0,1725.0
2017-12-31,2017,Q4,Custody,8 to 12 weeks,3.0,1349.0
2017-12-31,2017,Q4,Custody,12 to 16 weeks,4.0,1115.0
2017-12-31,2017,Q4,Custody,16 to 20 weeks,5.0,968.0
2017-12-31,2017,Q4,Custody,20 to 26 weeks,6.0,1069.0
2017-12-31,2017,Q4,Custody,6 months to under 1 year,7.0,1235.0
2017-12-31,2017,Q4,Custody,1 to 2 years,8.0,330.0
2017-12-31,2017,Q4,Custody,2 years or more,9.0,108.0
2017-12-31,2017,Q4,Unknown,Under 4 weeks,1.0,29.0
2017-12-31,2017,Q4,Unknown,4 to 8 weeks,2.0,59.0
2017-12-31,2017,Q4,Unknown,8 to 12 weeks,3.0,72.0
2017-12-31,2017,Q4,Unknown,12 to 16 weeks,4.0,66.0
2017-12-31,2017,Q4,Unknown,16 to 20 weeks,5.0,69.0
2017-12-31,2017,Q4,Unknown,20 to 26 weeks,6.0,104.0
2017-12-31,2017,Q4,Unknown,6 months to under 1 year,7.0,250.0
2017-12-31,2017,Q4,Unknown,1 to 2 years,8.0,137.0
2017-12-31,2017,Q4,Unknown,2 years or more,9.0,132.0
2018-03-31,2018,Q1,Bail,Under 4 weeks,1.0,2498.0
2018-03-31,2018,Q1,Bail,4 to 8 weeks,2.0,2199.0
2018-03-31,2018,Q1,Bail,8 to 12 weeks,3.0,1810.0
2018-03-31,2018,Q1,Bail,12 to 16 weeks,4.0,1617.0
2018-03-31,2018,Q1,Bail,16 to 20 weeks,5.0,1681.0
2018-03-31,2018,Q1,Bail,20 to 26 weeks,6.0,2096.0
2018-03-31,2018,Q1,Bail,6 months to under 1 year,7.0,4357.0
2018-03-31,2018,Q1,Bail,1 to 2 years,8.0,1742.0
2018-03-31,2018,Q1,Bail,2 years or more,9.0,401.0
2018-03-31,2018,Q1,Custody,Under 4 weeks,1.0,1855.0
2018-03-31,2018,Q1,Custody,4 to 8 weeks,2.0,1430.0
2018-03-31,2018,Q1,Custody,8 to 12 weeks,3.0,1324.0
2018-03-31,2018,Q1,Custody,12 to 16 weeks,4.0,897.0
2018-03-31,2018,Q1,Custody,16 to 20 weeks,5.0,906.0
2018-03-31,2018,Q1,Custody,20 to 26 weeks,6.0,1023.0
2018-03-31,2018,Q1,Custody,6 months to under 1 year,7.0,1255.0
2018-03-31,2018,Q1,Custody,1 to 2 years,8.0,358.0
2018-03-31,2018,Q1,Custody,2 years or more,9.0,103.0
2018-03-31,2018,Q1,Unknown,Under 4 weeks,1.0,36.0
2018-03-31,2018,Q1,Unknown,4 to 8 weeks,2.0,51.0
2018-03-31,2018,Q1,Unknown,8 to 12 weeks,3.0,64.0
2018-03-31,2018,Q1,Unknown,12 to 16 weeks,4.0,63.0
2018-03-31,2018,Q1,Unknown,16 to 20 weeks,5.0,58.0
2018-03-31,2018,Q1,Unknown,20 to 26 weeks,6.0,111.0
2018-03-31,2018,Q1,Unknown,6 months to under 1 year,7.0,266.0
2018-03-31,2018,Q1,Unknown,1 to 2 years,8.0,117.0
2018-03-31,2018,Q1,Unknown,2 years or more,9.0,131.0
2018-06-30,2018,Q2,Bail,Under 4 weeks,1.0,2545.0
2018-06-30,2018,Q2,Bail,4 to 8 weeks,2.0,1983.0
2018-06-30,2018,Q2,Bail,8 to 12 weeks,3.0,1780.0
2018-06-30,2018,Q2,Bail,12 to 16 weeks,4.0,1590.0
2018-06-30,2018,Q2,Bail,16 to 20 weeks,5.0,1486.0
2018-06-30,2018,Q2,Bail,20 to 26 weeks,6.0,1730.0
2018-06-30,2018,Q2,Bail,6 months to under 1 year,7.0,3919.0
2018-06-30,2018,Q2,Bail,1 to 2 years,8.0,1751.0
2018-06-30,2018,Q2,Bail,2 years or more,9.0,397.0
2018-06-30,2018,Q2,Custody,Under 4 weeks,1.0,1960.0
2018-06-30,2018,Q2,Custody,4 to 8 weeks,2.0,1505.0
2018-06-30,2018,Q2,Custody,8 to 12 weeks,3.0,1261.0
2018-06-30,2018,Q2,Custody,12 to 16 weeks,4.0,1021.0
2018-06-30,2018,Q2,Custody,16 to 20 weeks,5.0,824.0
2018-06-30,2018,Q2,Custody,20 to 26 weeks,6.0,947.0
2018-06-30,2018,Q2,Custody,6 months to under 1 year,7.0,1186.0
2018-06-30,2018,Q2,Custody,1 to 2 years,8.0,353.0
2018-06-30,2018,Q2,Custody,2 years or more,9.0,107.0
2018-06-30,2018,Q2,Unknown,Under 4 weeks,1.0,31.0
2018-06-30,2018,Q2,Unknown,4 to 8 weeks,2.0,48.0
2018-06-30,2018,Q2,Unknown,8 to 12 weeks,3.0,45.0
2018-06-30,2018,Q2,Unknown,12 to 16 weeks,4.0,65.0
2018-06-30,2018,Q2,Unknown,16 to 20 weeks,5.0,58.0
2018-06-30,2018,Q2,Unknown,20 to 26 weeks,6.0,106.0
2018-06-30,2018,Q2,Unknown,6 months to under 1 year,7.0,224.0
2018-06-30,2018,Q2,Unknown,1 to 2 years,8.0,115.0
2018-06-30,2018,Q2,Unknown,2 years or more,9.0,124.0
2018-09-30,2018,Q3,Bail,Under 4 weeks,1.0,2420.0
2018-09-30,2018,Q3,Bail,4 to 8 weeks,2.0,2094.0
2018-09-30,2018,Q3,Bail,8 to 12 weeks,3.0,1742.0
2018-09-30,2018,Q3,Bail,12 to 16 weeks,4.0,1533.0
2018-09-30,2018,Q3,Bail,16 to 20 weeks,5.0,1427.0
2018-09-30,2018,Q3,Bail,20 to 26 weeks,6.0,1635.0
2018-09-30,2018,Q3,Bail,6 months to under 1 year,7.0,3396.0
2018-09-30,2018,Q3,Bail,1 to 2 years,8.0,1581.0
2018-09-30,2018,Q3,Bail,2 years or more,9.0,364.0
2018-09-30,2018,Q3,Custody,Under 4 weeks,1.0,1843.0
2018-09-30,2018,Q3,Custody,4 to 8 weeks,2.0,1474.0
2018-09-30,2018,Q3,Custody,8 to 12 weeks,3.0,1372.0
2018-09-30,2018,Q3,Custody,12 to 16 weeks,4.0,1098.0
2018-09-30,2018,Q3,Custody,16 to 20 weeks,5.0,879.0
2018-09-30,2018,Q3,Custody,20 to 26 weeks,6.0,915.0
2018-09-30,2018,Q3,Custody,6 months to under 1 year,7.0,1197.0
2018-09-30,2018,Q3,Custody,1 to 2 years,8.0,382.0
2018-09-30,2018,Q3,Custody,2 years or more,9.0,109.0
2018-09-30,2018,Q3,Unknown,Under 4 weeks,1.0,34.0
2018-09-30,2018,Q3,Unknown,4 to 8 weeks,2.0,49.0
2018-09-30,2018,Q3,Unknown,8 to 12 weeks,3.0,60.0
2018-09-30,2018,Q3,Unknown,12 to 16 weeks,4.0,70.0
2018-09-30,2018,Q3,Unknown,16 to 20 weeks,5.0,57.0
2018-09-30,2018,Q3,Unknown,20 to 26 weeks,6.0,76.0
2018-09-30,2018,Q3,Unknown,6 months to under 1 year,7.0,186.0
2018-09-30,2018,Q3,Unknown,1 to 2 years,8.0,105.0
2018-09-30,2018,Q3,Unknown,2 years or more,9.0,128.0
2018-12-31,2018,Q4,Bail,Under 4 weeks,1.0,2279.0
2018-12-31,2018,Q4,Bail,4 to 8 weeks,2.0,2194.0
2018-12-31,2018,Q4,Bail,8 to 12 weeks,3.0,1712.0
2018-12-31,2018,Q4,Bail,12 to 16 weeks,4.0,1466.0
2018-12-31,2018,Q4,Bail,16 to 20 weeks,5.0,1410.0
2018-12-31,2018,Q4,Bail,20 to 26 weeks,6.0,1770.0
2018-12-31,2018,Q4,Bail,6 months to under 1 year,7.0,3125.0
2018-12-31,2018,Q4,Bail,1 to 2 years,8.0,1261.0
2018-12-31,2018,Q4,Bail,2 years or more,9.0,350.0
2018-12-31,2018,Q4,Custody,Under 4 weeks,1.0,1561.0
2018-12-31,2018,Q4,Custody,4 to 8 weeks,2.0,1487.0
2018-12-31,2018,Q4,Custody,8 to 12 weeks,3.0,1326.0
2018-12-31,2018,Q4,Custody,12 to 16 weeks,4.0,1008.0
2018-12-31,2018,Q4,Custody,16 to 20 weeks,5.0,781.0
2018-12-31,2018,Q4,Custody,20 to 26 weeks,6.0,966.0
2018-12-31,2018,Q4,Custody,6 months to under 1 year,7.0,1117.0
2018-12-31,2018,Q4,Custody,1 to 2 years,8.0,288.0
2018-12-31,2018,Q4,Custody,2 years or more,9.0,87.0
2018-12-31,2018,Q4,Unknown,Under 4 weeks,1.0,24.0
2018-12-31,2018,Q4,Unknown,4 to 8 weeks,2.0,43.0
2018-12-31,2018,Q4,Unknown,8 to 12 weeks,3.0,53.0
2018-12-31,2018,Q4,Unknown,12 to 16 weeks,4.0,60.0
2018-12-31,2018,Q4,Unknown,16 to 20 weeks,5.0,58.0
2018-12-31,2018,Q4,Unknown,20 to 26 weeks,6.0,92.0
2018-12-31,2018,Q4,Unknown,6 months to under 1 year,7.0,176.0
2018-12-31,2018,Q4,Unknown,1 to 2 years,8.0,88.0
2018-12-31,2018,Q4,Unknown,2 years or more,9.0,125.0
2019-03-31,2019,Q1,Bail,Under 4 weeks,1.0,2818.0
2019-03-31,2019,Q1,Bail,4 to 8 weeks,2.0,2246.0
2019-03-31,2019,Q1,Bail,8 to 12 weeks,3.0,1843.0
2019-03-31,2019,Q1,Bail,12 to 16 weeks,4.0,1359.0
2019-03-31,2019,Q1,Bail,16 to 20 weeks,5.0,1427.0
2019-03-31,2019,Q1,Bail,20 to 26 weeks,6.0,1538.0
2019-03-31,2019,Q1,Bail,6 months to under 1 year,7.0,3012.0
2019-03-31,2019,Q1,Bail,1 to 2 years,8.0,1093.0
2019-03-31,2019,Q1,Bail,2 years or more,9.0,302.0
2019-03-31,2019,Q1,Custody,Under 4 weeks,1.0,1819.0
2019-03-31,2019,Q1,Custody,4 to 8 weeks,2.0,1458.0
2019-03-31,2019,Q1,Custody,8 to 12 weeks,3.0,1207.0
2019-03-31,2019,Q1,Custody,12 to 16 weeks,4.0,840.0
2019-03-31,2019,Q1,Custody,16 to 20 weeks,5.0,836.0
2019-03-31,2019,Q1,Custody,20 to 26 weeks,6.0,932.0
2019-03-31,2019,Q1,Custody,6 months to under 1 year,7.0,1095.0
2019-03-31,2019,Q1,Custody,1 to 2 years,8.0,308.0
2019-03-31,2019,Q1,Custody,2 years or more,9.0,87.0
2019-03-31,2019,Q1,Unknown,Under 4 weeks,1.0,31.0
2019-03-31,2019,Q1,Unknown,4 to 8 weeks,2.0,62.0
2019-03-31,2019,Q1,Unknown,8 to 12 weeks,3.0,67.0
2019-03-31,2019,Q1,Unknown,12 to 16 weeks,4.0,48.0
2019-03-31,2019,Q1,Unknown,16 to 20 weeks,5.0,51.0
2019-03-31,2019,Q1,Unknown,20 to 26 weeks,6.0,82.0
2019-03-31,2019,Q1,Unknown,6 months to under 1 year,7.0,180.0
2019-03-31,2019,Q1,Unknown,1 to 2 years,8.0,86.0
2019-03-31,2019,Q1,Unknown,2 years or more,9.0,110.0
2019-06-30,2019,Q2,Bail,Under 4 weeks,1.0,2783.0
2019-06-30,2019,Q2,Bail,4 to 8 weeks,2.0,2238.0
2019-06-30,2019,Q2,Bail,8 to 12 weeks,3.0,2050.0
2019-06-30,2019,Q2,Bail,12 to 16 weeks,4.0,1847.0
2019-06-30,2019,Q2,Bail,16 to 20 weeks,5.0,1547.0
2019-06-30,2019,Q2,Bail,20 to 26 weeks,6.0,1691.0
2019-06-30,2019,Q2,Bail,6 months to under 1 year,7.0,2971.0
2019-06-30,2019,Q2,Bail,1 to 2 years,8.0,1010.0
2019-06-30,2019,Q2,Bail,2 years or more,9.0,278.0
2019-06-30,2019,Q2,Custody,Under 4 weeks,1.0,1827.0
2019-06-30,2019,Q2,Custody,4 to 8 weeks,2.0,1462.0
2019-06-30,2019,Q2,Custody,8 to 12 weeks,3.0,1165.0
2019-06-30,2019,Q2,Custody,12 to 16 weeks,4.0,1017.0
2019-06-30,2019,Q2,Custody,16 to 20 weeks,5.0,868.0
2019-06-30,2019,Q2,Custody,20 to 26 weeks,6.0,905.0
2019-06-30,2019,Q2,Custody,6 months to under 1 year,7.0,1140.0
2019-06-30,2019,Q2,Custody,1 to 2 years,8.0,284.0
2019-06-30,2019,Q2,Custody,2 years or more,9.0,82.0
2019-06-30,2019,Q2,Unknown,Under 4 weeks,1.0,25.0
2019-06-30,2019,Q2,Unknown,4 to 8 weeks,2.0,64.0
2019-06-30,2019,Q2,Unknown,8 to 12 weeks,3.0,76.0
2019-06-30,2019,Q2,Unknown,12 to 16 weeks,4.0,62.0
2019-06-30,2019,Q2,Unknown,16 to 20 weeks,5.0,76.0
2019-06-30,2019,Q2,Unknown,20 to 26 weeks,6.0,79.0
2019-06-30,2019,Q2,Unknown,6 months to under 1 year,7.0,178.0
2019-06-30,2019,Q2,Unknown,1 to 2 years,8.0,74.0
2019-06-30,2019,Q2,Unknown,2 years or more,9.0,108.0
2019-09-30,2019,Q3,Bail,Under 4 weeks,1.0,2650.0
2019-09-30,2019,Q3,Bail,4 to 8 weeks,2.0,2227.0
2019-09-30,2019,Q3,Bail,8 to 12 weeks,3.0,2031.0
2019-09-30,2019,Q3,Bail,12 to 16 weeks,4.0,1815.0
2019-09-30,2019,Q3,Bail,16 to 20 weeks,5.0,1525.0
2019-09-30,2019,Q3,Bail,20 to 26 weeks,6.0,1965.0
2019-09-30,2019,Q3,Bail,6 months to under 1 year,7.0,3439.0
2019-09-30,2019,Q3,Bail,1 to 2 years,8.0,1062.0
2019-09-30,2019,Q3,Bail,2 years or more,9.0,265.0
2019-09-30,2019,Q3,Custody,Under 4 weeks,1.0,1939.0
2019-09-30,2019,Q3,Custody,4 to 8 weeks,2.0,1433.0
2019-09-30,2019,Q3,Custody,8 to 12 weeks,3.0,1282.0
2019-09-30,2019,Q3,Custody,12 to 16 weeks,4.0,1106.0
2019-09-30,2019,Q3,Custody,16 to 20 weeks,5.0,848.0
2019-09-30,2019,Q3,Custody,20 to 26 weeks,6.0,989.0
2019-09-30,2019,Q3,Custody,6 months to under 1 year,7.0,1250.0
2019-09-30,2019,Q3,Custody,1 to 2 years,8.0,329.0
2019-09-30,2019,Q3,Custody,2 years or more,9.0,79.0
2019-09-30,2019,Q3,Unknown,Under 4 weeks,1.0,11.0
2019-09-30,2019,Q3,Unknown,4 to 8 weeks,2.0,13.0
2019-09-30,2019,Q3,Unknown,8 to 12 weeks,3.0,23.0
2019-09-30,2019,Q3,Unknown,12 to 16 weeks,4.0,28.0
2019-09-30,2019,Q3,Unknown,16 to 20 weeks,5.0,38.0
2019-09-30,2019,Q3,Unknown,20 to 26 weeks,6.0,53.0
2019-09-30,2019,Q3,Unknown,6 months to under 1 year,7.0,149.0
2019-09-30,2019,Q3,Unknown,1 to 2 years,8.0,59.0
2019-09-30,2019,Q3,Unknown,2 years or more,9.0,103.0
2019-12-31,2019,Q4,Bail,Under 4 weeks,1.0,2411.0
2019-12-31,2019,Q4,Bail,4 to 8 weeks,2.0,2646.0
2019-12-31,2019,Q4,Bail,8 to 12 weeks,3.0,2180.0
2019-12-31,2019,Q4,Bail,12 to 16 weeks,4.0,1759.0
2019-12-31,2019,Q4,Bail,16 to 20 weeks,5.0,1610.0
2019-12-31,2019,Q4,Bail,20 to 26 weeks,6.0,2219.0
2019-12-31,2019,Q4,Bail,6 months to under 1 year,7.0,4366.0
2019-12-31,2019,Q4,Bail,1 to 2 years,8.0,1140.0
2019-12-31,2019,Q4,Bail,2 years or more,9.0,252.0
2019-12-31,2019,Q4,Custody,Under 4 weeks,1.0,1646.0
2019-12-31,2019,Q4,Custody,4 to 8 weeks,2.0,1661.0
2019-12-31,2019,Q4,Custody,8 to 12 weeks,3.0,1376.0
2019-12-31,2019,Q4,Custody,12 to 16 weeks,4.0,1097.0
2019-12-31,2019,Q4,Custody,16 to 20 weeks,5.0,857.0
2019-12-31,2019,Q4,Custody,20 to 26 weeks,6.0,1040.0
2019-12-31,2019,Q4,Custody,6 months to under 1 year,7.0,1307.0
2019-12-31,2019,Q4,Custody,1 to 2 years,8.0,336.0
2019-12-31,2019,Q4,Custody,2 years or more,9.0,87.0
2019-12-31,2019,Q4,Unknown,Under 4 weeks,1.0,19.0
2019-12-31,2019,Q4,Unknown,4 to 8 weeks,2.0,76.0
2019-12-31,2019,Q4,Unknown,8 to 12 weeks,3.0,85.0
2019-12-31,2019,Q4,Unknown,12 to 16 weeks,4.0,51.0
2019-12-31,2019,Q4,Unknown,16 to 20 weeks,5.0,54.0
2019-12-31,2019,Q4,Unknown,20 to 26 weeks,6.0,68.0
2019-12-31,2019,Q4,Unknown,6 months to under 1 year,7.0,175.0
2019-12-31,2019,Q4,Unknown,1 to 2 years,8.0,72.0
2019-12-31,2019,Q4,Unknown,2 years or more,9.0,106.0
2020-03-31,2020,Q1,Bail,Under 4 weeks,1.0,2131.0
2020-03-31,2020,Q1,Bail,4 to 8 weeks,2.0,2775.0
2020-03-31,2020,Q1,Bail,8 to 12 weeks,3.0,2255.0
2020-03-31,2020,Q1,Bail,12 to 16 weeks,4.0,1525.0
2020-03-31,2020,Q1,Bail,16 to 20 weeks,5.0,1821.0
2020-03-31,2020,Q1,Bail,20 to 26 weeks,6.0,2351.0
2020-03-31,2020,Q1,Bail,6 months to under 1 year,7.0,5227.0
2020-03-31,2020,Q1,Bail,1 to 2 years,8.0,1578.0
2020-03-31,2020,Q1,Bail,2 years or more,9.0,280.0
2020-03-31,2020,Q1,Custody,Under 4 weeks,1.0,1765.0
2020-03-31,2020,Q1,Custody,4 to 8 weeks,2.0,1657.0
2020-03-31,2020,Q1,Custody,8 to 12 weeks,3.0,1404.0
2020-03-31,2020,Q1,Custody,12 to 16 weeks,4.0,923.0
2020-03-31,2020,Q1,Custody,16 to 20 weeks,5.0,999.0
2020-03-31,2020,Q1,Custody,20 to 26 weeks,6.0,1185.0
2020-03-31,2020,Q1,Custody,6 months to under 1 year,7.0,1503.0
2020-03-31,2020,Q1,Custody,1 to 2 years,8.0,397.0
2020-03-31,2020,Q1,Custody,2 years or more,9.0,87.0
2020-03-31,2020,Q1,Unknown,Under 4 weeks,1.0,29.0
2020-03-31,2020,Q1,Unknown,4 to 8 weeks,2.0,135.0
2020-03-31,2020,Q1,Unknown,8 to 12 weeks,3.0,96.0
2020-03-31,2020,Q1,Unknown,12 to 16 weeks,4.0,81.0
2020-03-31,2020,Q1,Unknown,16 to 20 weeks,5.0,96.0
2020-03-31,2020,Q1,Unknown,20 to 26 weeks,6.0,131.0
2020-03-31,2020,Q1,Unknown,6 months to under 1 year,7.0,282.0
2020-03-31,2020,Q1,Unknown,1 to 2 years,8.0,93.0
2020-03-31,2020,Q1,Unknown,2 years or more,9.0,99.0
2020-06-30,2020,Q2,Bail,Under 4 weeks,1.0,2215.0
2020-06-30,2020,Q2,Bail,4 to 8 weeks,2.0,1069.0
2020-06-30,2020,Q2,Bail,8 to 12 weeks,3.0,515.0
2020-06-30,2020,Q2,Bail,12 to 16 weeks,4.0,1264.0
2020-06-30,2020,Q2,Bail,16 to 20 weeks,5.0,2277.0
2020-06-30,2020,Q2,Bail,20 to 26 weeks,6.0,2802.0
2020-06-30,2020,Q2,Bail,6 months to under 1 year,7.0,7862.0
2020-06-30,2020,Q2,Bail,1 to 2 years,8.0,2901.0
2020-06-30,2020,Q2,Bail,2 years or more,9.0,340.0
2020-06-30,2020,Q2,Custody,Under 4 weeks,1.0,1884.0
2020-06-30,2020,Q2,Custody,4 to 8 weeks,2.0,1480.0
2020-06-30,2020,Q2,Custody,8 to 12 weeks,3.0,1126.0
2020-06-30,2020,Q2,Custody,12 to 16 weeks,4.0,924.0
2020-06-30,2020,Q2,Custody,16 to 20 weeks,5.0,1063.0
2020-06-30,2020,Q2,Custody,20 to 26 weeks,6.0,1336.0
2020-06-30,2020,Q2,Custody,6 months to under 1 year,7.0,2519.0
2020-06-30,2020,Q2,Custody,1 to 2 years,8.0,586.0
2020-06-30,2020,Q2,Custody,2 years or more,9.0,103.0
2020-06-30,2020,Q2,Unknown,Under 4 weeks,1.0,17.0
2020-06-30,2020,Q2,Unknown,4 to 8 weeks,2.0,45.0
2020-06-30,2020,Q2,Unknown,8 to 12 weeks,3.0,41.0
2020-06-30,2020,Q2,Unknown,12 to 16 weeks,4.0,51.0
2020-06-30,2020,Q2,Unknown,16 to 20 weeks,5.0,93.0
2020-06-30,2020,Q2,Unknown,20 to 26 weeks,6.0,120.0
2020-06-30,2020,Q2,Unknown,6 months to under 1 year,7.0,391.0
2020-06-30,2020,Q2,Unknown,1 to 2 years,8.0,159.0
2020-06-30,2020,Q2,Unknown,2 years or more,9.0,108.0
2020-09-30,2020,Q3,Bail,Under 4 weeks,1.0,4060.0
2020-09-30,2020,Q3,Bail,4 to 8 weeks,2.0,3301.0
2020-09-30,2020,Q3,Bail,8 to 12 weeks,3.0,2838.0
2020-09-30,2020,Q3,Bail,12 to 16 weeks,4.0,1857.0
2020-09-30,2020,Q3,Bail,16 to 20 weeks,5.0,998.0
2020-09-30,2020,Q3,Bail,20 to 26 weeks,6.0,629.0
2020-09-30,2020,Q3,Bail,6 months to under 1 year,7.0,8282.0
2020-09-30,2020,Q3,Bail,1 to 2 years,8.0,4673.0
2020-09-30,2020,Q3,Bail,2 years or more,9.0,437.0
2020-09-30,2020,Q3,Custody,Under 4 weeks,1.0,1886.0
2020-09-30,2020,Q3,Custody,4 to 8 weeks,2.0,1655.0
2020-09-30,2020,Q3,Custody,8 to 12 weeks,3.0,1505.0
2020-09-30,2020,Q3,Custody,12 to 16 weeks,4.0,1291.0
2020-09-30,2020,Q3,Custody,16 to 20 weeks,5.0,976.0
2020-09-30,2020,Q3,Custody,20 to 26 weeks,6.0,1020.0
2020-09-30,2020,Q3,Custody,6 months to under 1 year,7.0,2856.0
2020-09-30,2020,Q3,Custody,1 to 2 years,8.0,837.0
2020-09-30,2020,Q3,Custody,2 years or more,9.0,123.0
2020-09-30,2020,Q3,Unknown,Under 4 weeks,1.0,25.0
2020-09-30,2020,Q3,Unknown,4 to 8 weeks,2.0,80.0
2020-09-30,2020,Q3,Unknown,8 to 12 weeks,3.0,78.0
2020-09-30,2020,Q3,Unknown,12 to 16 weeks,4.0,56.0
2020-09-30,2020,Q3,Unknown,16 to 20 weeks,5.0,50.0
2020-09-30,2020,Q3,Unknown,20 to 26 weeks,6.0,50.0
2020-09-30,2020,Q3,Unknown,6 months to under 1 year,7.0,414.0
2020-09-30,2020,Q3,Unknown,1 to 2 years,8.0,290.0
2020-09-30,2020,Q3,Unknown,2 years or more,9.0,108.0
2020-12-31,2020,Q4,Bail,Under 4 weeks,1.0,2963.0
2020-12-31,2020,Q4,Bail,4 to 8 weeks,2.0,3350.0
2020-12-31,2020,Q4,Bail,8 to 12 weeks,3.0,3298.0
2020-12-31,2020,Q4,Bail,12 to 16 weeks,4.0,2949.0
2020-12-31,2020,Q4,Bail,16 to 20 weeks,5.0,2536.0
2020-12-31,2020,Q4,Bail,20 to 26 weeks,6.0,3126.0
2020-12-31,2020,Q4,Bail,6 months to under 1 year,7.0,5866.0
2020-12-31,2020,Q4,Bail,1 to 2 years,8.0,6610.0
2020-12-31,2020,Q4,Bail,2 years or more,9.0,618.0
2020-12-31,2020,Q4,Custody,Under 4 weeks,1.0,1617.0
2020-12-31,2020,Q4,Custody,4 to 8 weeks,2.0,1659.0
2020-12-31,2020,Q4,Custody,8 to 12 weeks,3.0,1339.0
2020-12-31,2020,Q4,Custody,12 to 16 weeks,4.0,1227.0
2020-12-31,2020,Q4,Custody,16 to 20 weeks,5.0,1082.0
2020-12-31,2020,Q4,Custody,20 to 26 weeks,6.0,1424.0
2020-12-31,2020,Q4,Custody,6 months to under 1 year,7.0,2549.0
2020-12-31,2020,Q4,Custody,1 to 2 years,8.0,1267.0
2020-12-31,2020,Q4,Custody,2 years or more,9.0,149.0
2020-12-31,2020,Q4,Unknown,Under 4 weeks,1.0,10.0
2020-12-31,2020,Q4,Unknown,4 to 8 weeks,2.0,80.0
2020-12-31,2020,Q4,Unknown,8 to 12 weeks,3.0,71.0
2020-12-31,2020,Q4,Unknown,12 to 16 weeks,4.0,88.0
2020-12-31,2020,Q4,Unknown,16 to 20 weeks,5.0,73.0
2020-12-31,2020,Q4,Unknown,20 to 26 weeks,6.0,115.0
2020-12-31,2020,Q4,Unknown,6 months to under 1 year,7.0,291.0
2020-12-31,2020,Q4,Unknown,1 to 2 years,8.0,419.0
2020-12-31,2020,Q4,Unknown,2 years or more,9.0,113.0
2021-03-31,2021,Q1,Bail,Under 4 weeks,1.0,3193.0
2021-03-31,2021,Q1,Bail,4 to 8 weeks,2.0,3187.0
2021-03-31,2021,Q1,Bail,8 to 12 weeks,3.0,2844.0
2021-03-31,2021,Q1,Bail,12 to 16 weeks,4.0,2101.0
2021-03-31,2021,Q1,Bail,16 to 20 weeks,5.0,2447.0
2021-03-31,2021,Q1,Bail,20 to 26 weeks,6.0,3548.0
2021-03-31,2021,Q1,Bail,6 months to under 1 year,7.0,7954.0
2021-03-31,2021,Q1,Bail,1 to 2 years,8.0,7633.0
2021-03-31,2021,Q1,Bail,2 years or more,9.0,952.0
2021-03-31,2021,Q1,Custody,Under 4 weeks,1.0,1744.0
2021-03-31,2021,Q1,Custody,4 to 8 weeks,2.0,1557.0
2021-03-31,2021,Q1,Custody,8 to 12 weeks,3.0,1278.0
2021-03-31,2021,Q1,Custody,12 to 16 weeks,4.0,931.0
2021-03-31,2021,Q1,Custody,16 to 20 weeks,5.0,1066.0
2021-03-31,2021,Q1,Custody,20 to 26 weeks,6.0,1367.0
2021-03-31,2021,Q1,Custody,6 months to under 1 year,7.0,2716.0
2021-03-31,2021,Q1,Custody,1 to 2 years,8.0,1460.0
2021-03-31,2021,Q1,Custody,2 years or more,9.0,188.0
2021-03-31,2021,Q1,Unknown,Under 4 weeks,1.0,26.0
2021-03-31,2021,Q1,Unknown,4 to 8 weeks,2.0,56.0
2021-03-31,2021,Q1,Unknown,8 to 12 weeks,3.0,80.0
2021-03-31,2021,Q1,Unknown,12 to 16 weeks,4.0,53.0
2021-03-31,2021,Q1,Unknown,16 to 20 weeks,5.0,67.0
2021-03-31,2021,Q1,Unknown,20 to 26 weeks,6.0,118.0
2021-03-31,2021,Q1,Unknown,6 months to under 1 year,7.0,287.0
2021-03-31,2021,Q1,Unknown,1 to 2 years,8.0,405.0
2021-03-31,2021,Q1,Unknown,2 years or more,9.0,131.0
2021-06-30,2021,Q2,Bail,Under 4 weeks,1.0,2998.0
2021-06-30,2021,Q2,Bail,4 to 8 weeks,2.0,2687.0
2021-06-30,2021,Q2,Bail,8 to 12 weeks,3.0,2448.0
2021-06-30,2021,Q2,Bail,12 to 16 weeks,4.0,2162.0
2021-06-30,2021,Q2,Bail,16 to 20 weeks,5.0,2327.0
2021-06-30,2021,Q2,Bail,20 to 26 weeks,6.0,3117.0
2021-06-30,2021,Q2,Bail,6 months to under 1 year,7.0,10574.0
2021-06-30,2021,Q2,Bail,1 to 2 years,8.0,6563.0
2021-06-30,2021,Q2,Bail,2 years or more,9.0,1389.0
2021-06-30,2021,Q2,Custody,Under 4 weeks,1.0,1711.0
2021-06-30,2021,Q2,Custody,4 to 8 weeks,2.0,1465.0
2021-06-30,2021,Q2,Custody,8 to 12 weeks,3.0,1333.0
2021-06-30,2021,Q2,Custody,12 to 16 weeks,4.0,1039.0
2021-06-30,2021,Q2,Custody,16 to 20 weeks,5.0,1034.0
2021-06-30,2021,Q2,Custody,20 to 26 weeks,6.0,1240.0
2021-06-30,2021,Q2,Custody,6 months to under 1 year,7.0,3023.0
2021-06-30,2021,Q2,Custody,1 to 2 years,8.0,1456.0
2021-06-30,2021,Q2,Custody,2 years or more,9.0,223.0
2021-06-30,2021,Q2,Unknown,Under 4 weeks,1.0,21.0
2021-06-30,2021,Q2,Unknown,4 to 8 weeks,2.0,70.0
2021-06-30,2021,Q2,Unknown,8 to 12 weeks,3.0,64.0
2021-06-30,2021,Q2,Unknown,12 to 16 weeks,4.0,63.0
2021-06-30,2021,Q2,Unknown,16 to 20 weeks,5.0,73.0
2021-06-30,2021,Q2,Unknown,20 to 26 weeks,6.0,106.0
2021-06-30,2021,Q2,Unknown,6 months to under 1 year,7.0,364.0
2021-06-30,2021,Q2,Unknown,1 to 2 years,8.0,319.0
2021-06-30,2021,Q2,Unknown,2 years or more,9.0,155.0
2021-09-30,2021,Q3,Bail,Under 4 weeks,1.0,2308.0
2021-09-30,2021,Q3,Bail,4 to 8 weeks,2.0,2139.0
2021-09-30,2021,Q3,Bail,8 to 12 weeks,3.0,2072.0
2021-09-30,2021,Q3,Bail,12 to 16 weeks,4.0,2135.0
2021-09-30,2021,Q3,Bail,16 to 20 weeks,5.0,2009.0
2021-09-30,2021,Q3,Bail,20 to 26 weeks,6.0,2679.0
2021-09-30,2021,Q3,Bail,6 months to under 1 year,7.0,10203.0
2021-09-30,2021,Q3,Bail,1 to 2 years,8.0,7454.0
2021-09-30,2021,Q3,Bail,2 years or more,9.0,1984.0
2021-09-30,2021,Q3,Custody,Under 4 weeks,1.0,1597.0
2021-09-30,2021,Q3,Custody,4 to 8 weeks,2.0,1344.0
2021-09-30,2021,Q3,Custody,8 to 12 weeks,3.0,1270.0
2021-09-30,2021,Q3,Custody,12 to 16 weeks,4.0,1159.0
2021-09-30,2021,Q3,Custody,16 to 20 weeks,5.0,1060.0
2021-09-30,2021,Q3,Custody,20 to 26 weeks,6.0,1256.0
2021-09-30,2021,Q3,Custody,6 months to under 1 year,7.0,3058.0
2021-09-30,2021,Q3,Custody,1 to 2 years,8.0,1624.0
2021-09-30,2021,Q3,Custody,2 years or more,9.0,305.0
2021-09-30,2021,Q3,Unknown,Under 4 weeks,1.0,13.0
2021-09-30,2021,Q3,Unknown,4 to 8 weeks,2.0,46.0
2021-09-30,2021,Q3,Unknown,8 to 12 weeks,3.0,56.0
2021-09-30,2021,Q3,Unknown,12 to 16 weeks,4.0,71.0
2021-09-30,2021,Q3,Unknown,16 to 20 weeks,5.0,60.0
2021-09-30,2021,Q3,Unknown,20 to 26 weeks,6.0,115.0
2021-09-30,2021,Q3,Unknown,6 months to under 1 year,7.0,422.0
2021-09-30,2021,Q3,Unknown,1 to 2 years,8.0,346.0
2021-09-30,2021,Q3,Unknown,2 years or more,9.0,171.0
2021-12-31,2021,Q4,Bail,Under 4 weeks,1.0,1870.0
2021-12-31,2021,Q4,Bail,4 to 8 weeks,2.0,2240.0
2021-12-31,2021,Q4,Bail,8 to 12 weeks,3.0,1867.0
2021-12-31,2021,Q4,Bail,12 to 16 weeks,4.0,1675.0
2021-12-31,2021,Q4,Bail,16 to 20 weeks,5.0,1628.0
2021-12-31,2021,Q4,Bail,20 to 26 weeks,6.0,2333.0
2021-12-31,2021,Q4,Bail,6 months to under 1 year,7.0,9567.0
2021-12-31,2021,Q4,Bail,1 to 2 years,8.0,8090.0
2021-12-31,2021,Q4,Bail,2 years or more,9.0,2587.0
2021-12-31,2021,Q4,Custody,Under 4 weeks,1.0,1521.0
2021-12-31,2021,Q4,Custody,4 to 8 weeks,2.0,1523.0
2021-12-31,2021,Q4,Custody,8 to 12 weeks,3.0,1373.0
2021-12-31,2021,Q4,Custody,12 to 16 weeks,4.0,1102.0
2021-12-31,2021,Q4,Custody,16 to 20 weeks,5.0,858.0
2021-12-31,2021,Q4,Custody,20 to 26 weeks,6.0,1225.0
2021-12-31,2021,Q4,Custody,6 months to under 1 year,7.0,2964.0
2021-12-31,2021,Q4,Custody,1 to 2 years,8.0,1681.0
2021-12-31,2021,Q4,Custody,2 years or more,9.0,336.0
2021-12-31,2021,Q4,Unknown,Under 4 weeks,1.0,37.0
2021-12-31,2021,Q4,Unknown,4 to 8 weeks,2.0,69.0
2021-12-31,2021,Q4,Unknown,8 to 12 weeks,3.0,54.0
2021-12-31,2021,Q4,Unknown,12 to 16 weeks,4.0,50.0
2021-12-31,2021,Q4,Unknown,16 to 20 weeks,5.0,55.0
2021-12-31,2021,Q4,Unknown,20 to 26 weeks,6.0,91.0
2021-12-31,2021,Q4,Unknown,6 months to under 1 year,7.0,393.0
2021-12-31,2021,Q4,Unknown,1 to 2 years,8.0,322.0
2021-12-31,2021,Q4,Unknown,2 years or more,9.0,218.0
2022-03-31,2022,Q1,Bail,Under 4 weeks,1.0,2732.0
2022-03-31,2022,Q1,Bail,4 to 8 weeks,2.0,2355.0
2022-03-31,2022,Q1,Bail,8 to 12 weeks,3.0,2039.0
2022-03-31,2022,Q1,Bail,12 to 16 weeks,4.0,1377.0
2022-03-31,2022,Q1,Bail,16 to 20 weeks,5.0,1639.0
2022-03-31,2022,Q1,Bail,20 to 26 weeks,6.0,2086.0
2022-03-31,2022,Q1,Bail,6 months to under 1 year,7.0,7856.0
2022-03-31,2022,Q1,Bail,1 to 2 years,8.0,8485.0
2022-03-31,2022,Q1,Bail,2 years or more,9.0,2841.0
2022-03-31,2022,Q1,Custody,Under 4 weeks,1.0,1838.0
2022-03-31,2022,Q1,Custody,4 to 8 weeks,2.0,1595.0
2022-03-31,2022,Q1,Custody,8 to 12 weeks,3.0,1237.0
2022-03-31,2022,Q1,Custody,12 to 16 weeks,4.0,946.0
2022-03-31,2022,Q1,Custody,16 to 20 weeks,5.0,995.0
2022-03-31,2022,Q1,Custody,20 to 26 weeks,6.0,1226.0
2022-03-31,2022,Q1,Custody,6 months to under 1 year,7.0,2408.0
2022-03-31,2022,Q1,Custody,1 to 2 years,8.0,1660.0
2022-03-31,2022,Q1,Custody,2 years or more,9.0,432.0
2022-03-31,2022,Q1,Unknown,Under 4 weeks,1.0,39.0
2022-03-31,2022,Q1,Unknown,4 to 8 weeks,2.0,57.0
2022-03-31,2022,Q1,Unknown,8 to 12 weeks,3.0,57.0
2022-03-31,2022,Q1,Unknown,12 to 16 weeks,4.0,53.0
2022-03-31,2022,Q1,Unknown,16 to 20 weeks,5.0,55.0
2022-03-31,2022,Q1,Unknown,20 to 26 weeks,6.0,82.0
2022-03-31,2022,Q1,Unknown,6 months to under 1 year,7.0,250.0
2022-03-31,2022,Q1,Unknown,1 to 2 years,8.0,373.0
2022-03-31,2022,Q1,Unknown,2 years or more,9.0,241.0
2022-06-30,2022,Q2,Bail,Under 4 weeks,1.0,2605.0
2022-06-30,2022,Q2,Bail,4 to 8 weeks,2.0,2297.0
2022-06-30,2022,Q2,Bail,8 to 12 weeks,3.0,2136.0
2022-06-30,2022,Q2,Bail,12 to 16 weeks,4.0,1998.0
2022-06-30,2022,Q2,Bail,16 to 20 weeks,5.0,1829.0
2022-06-30,2022,Q2,Bail,20 to 26 weeks,6.0,2335.0
2022-06-30,2022,Q2,Bail,6 months to under 1 year,7.0,6879.0
2022-06-30,2022,Q2,Bail,1 to 2 years,8.0,9053.0
2022-06-30,2022,Q2,Bail,2 years or more,9.0,2746.0
2022-06-30,2022,Q2,Custody,Under 4 weeks,1.0,1816.0
2022-06-30,2022,Q2,Custody,4 to 8 weeks,2.0,1616.0
2022-06-30,2022,Q2,Custody,8 to 12 weeks,3.0,1213.0
2022-06-30,2022,Q2,Custody,12 to 16 weeks,4.0,1215.0
2022-06-30,2022,Q2,Custody,16 to 20 weeks,5.0,1074.0
2022-06-30,2022,Q2,Custody,20 to 26 weeks,6.0,1194.0
2022-06-30,2022,Q2,Custody,6 months to under 1 year,7.0,2363.0
2022-06-30,2022,Q2,Custody,1 to 2 years,8.0,1719.0
2022-06-30,2022,Q2,Custody,2 years or more,9.0,522.0
2022-06-30,2022,Q2,Unknown,Under 4 weeks,1.0,47.0
2022-06-30,2022,Q2,Unknown,4 to 8 weeks,2.0,45.0
2022-06-30,2022,Q2,Unknown,8 to 12 weeks,3.0,44.0
2022-06-30,2022,Q2,Unknown,12 to 16 weeks,4.0,47.0
2022-06-30,2022,Q2,Unknown,16 to 20 weeks,5.0,66.0
2022-06-30,2022,Q2,Unknown,20 to 26 weeks,6.0,81.0
2022-06-30,2022,Q2,Unknown,6 months to under 1 year,7.0,255.0
2022-06-30,2022,Q2,Unknown,1 to 2 years,8.0,397.0
2022-06-30,2022,Q2,Unknown,2 years or more,9.0,244.0
2022-09-30,2022,Q3,Bail,Under 4 weeks,1.0,2361.0
2022-09-30,2022,Q3,Bail,4 to 8 weeks,2.0,2308.0
2022-09-30,2022,Q3,Bail,8 to 12 weeks,3.0,2262.0
2022-09-30,2022,Q3,Bail,12 to 16 weeks,4.0,2078.0
2022-09-30,2022,Q3,Bail,16 to 20 weeks,5.0,1805.0
2022-09-30,2022,Q3,Bail,20 to 26 weeks,6.0,2568.0
2022-09-30,2022,Q3,Bail,6 months to under 1 year,7.0,7834.0
2022-09-30,2022,Q3,Bail,1 to 2 years,8.0,8698.0
2022-09-30,2022,Q3,Bail,2 years or more,9.0,3538.0
2022-09-30,2022,Q3,Custody,Under 4 weeks,1.0,1696.0
2022-09-30,2022,Q3,Custody,4 to 8 weeks,2.0,1587.0
2022-09-30,2022,Q3,Custody,8 to 12 weeks,3.0,1486.0
2022-09-30,2022,Q3,Custody,12 to 16 weeks,4.0,1361.0
2022-09-30,2022,Q3,Custody,16 to 20 weeks,5.0,1110.0
2022-09-30,2022,Q3,Custody,20 to 26 weeks,6.0,1278.0
2022-09-30,2022,Q3,Custody,6 months to under 1 year,7.0,2823.0
2022-09-30,2022,Q3,Custody,1 to 2 years,8.0,1730.0
2022-09-30,2022,Q3,Custody,2 years or more,9.0,652.0
2022-09-30,2022,Q3,Unknown,Under 4 weeks,1.0,25.0
2022-09-30,2022,Q3,Unknown,4 to 8 weeks,2.0,47.0
2022-09-30,2022,Q3,Unknown,8 to 12 weeks,3.0,46.0
2022-09-30,2022,Q3,Unknown,12 to 16 weeks,4.0,62.0
2022-09-30,2022,Q3,Unknown,16 to 20 weeks,5.0,49.0
2022-09-30,2022,Q3,Unknown,20 to 26 weeks,6.0,76.0
2022-09-30,2022,Q3,Unknown,6 months to under 1 year,7.0,280.0
2022-09-30,2022,Q3,Unknown,1 to 2 years,8.0,398.0
2022-09-30,2022,Q3,Unknown,2 years or more,9.0,271.0
2022-12-31,2022,Q4,Bail,Under 4 weeks,1.0,2060.0
2022-12-31,2022,Q4,Bail,4 to 8 weeks,2.0,2595.0
2022-12-31,2022,Q4,Bail,8 to 12 weeks,3.0,2192.0
2022-12-31,2022,Q4,Bail,12 to 16 weeks,4.0,1885.0
2022-12-31,2022,Q4,Bail,16 to 20 weeks,5.0,1828.0
2022-12-31,2022,Q4,Bail,20 to 26 weeks,6.0,2610.0
2022-12-31,2022,Q4,Bail,6 months to under 1 year,7.0,8297.0
2022-12-31,2022,Q4,Bail,1 to 2 years,8.0,7964.0
2022-12-31,2022,Q4,Bail,2 years or more,9.0,4163.0
2022-12-31,2022,Q4,Custody,Under 4 weeks,1.0,1556.0
2022-12-31,2022,Q4,Custody,4 to 8 weeks,2.0,1674.0
2022-12-31,2022,Q4,Custody,8 to 12 weeks,3.0,1482.0
2022-12-31,2022,Q4,Custody,12 to 16 weeks,4.0,1162.0
2022-12-31,2022,Q4,Custody,16 to 20 weeks,5.0,1047.0
2022-12-31,2022,Q4,Custody,20 to 26 weeks,6.0,1438.0
2022-12-31,2022,Q4,Custody,6 months to under 1 year,7.0,2678.0
2022-12-31,2022,Q4,Custody,1 to 2 years,8.0,1659.0
2022-12-31,2022,Q4,Custody,2 years or more,9.0,653.0
2022-12-31,2022,Q4,Unknown,Under 4 weeks,1.0,19.0
2022-12-31,2022,Q4,Unknown,4 to 8 weeks,2.0,63.0
2022-12-31,2022,Q4,Unknown,8 to 12 weeks,3.0,58.0
2022-12-31,2022,Q4,Unknown,12 to 16 weeks,4.0,49.0
2022-12-31,2022,Q4,Unknown,16 to 20 weeks,5.0,45.0
2022-12-31,2022,Q4,Unknown,20 to 26 weeks,6.0,84.0
2022-12-31,2022,Q4,Unknown,6 months to under 1 year,7.0,324.0
2022-12-31,2022,Q4,Unknown,1 to 2 years,8.0,375.0
2022-12-31,2022,Q4,Unknown,2 years or more,9.0,307.0
2023-03-31,2023,Q1,Bail,Under 4 weeks,1.0,2698.0
2023-03-31,2023,Q1,Bail,4 to 8 weeks,2.0,2354.0
2023-03-31,2023,Q1,Bail,8 to 12 weeks,3.0,2086.0
2023-03-31,2023,Q1,Bail,12 to 16 weeks,4.0,1506.0
2023-03-31,2023,Q1,Bail,16 to 20 weeks,5.0,1868.0
2023-03-31,2023,Q1,Bail,20 to 26 weeks,6.0,2511.0
2023-03-31,2023,Q1,Bail,6 months to under 1 year,7.0,8022.0
2023-03-31,2023,Q1,Bail,1 to 2 years,8.0,7460.0
2023-03-31,2023,Q1,Bail,2 years or more,9.0,4490.0
2023-03-31,2023,Q1,Custody,Under 4 weeks,1.0,2042.0
2023-03-31,2023,Q1,Custody,4 to 8 weeks,2.0,1730.0
2023-03-31,2023,Q1,Custody,8 to 12 weeks,3.0,1452.0
2023-03-31,2023,Q1,Custody,12 to 16 weeks,4.0,1012.0
2023-03-31,2023,Q1,Custody,16 to 20 weeks,5.0,1109.0
2023-03-31,2023,Q1,Custody,20 to 26 weeks,6.0,1351.0
2023-03-31,2023,Q1,Custody,6 months to under 1 year,7.0,2477.0
2023-03-31,2023,Q1,Custody,1 to 2 years,8.0,1566.0
2023-03-31,2023,Q1,Custody,2 years or more,9.0,714.0
2023-03-31,2023,Q1,Unknown,Under 4 weeks,1.0,24.0
2023-03-31,2023,Q1,Unknown,4 to 8 weeks,2.0,44.0
2023-03-31,2023,Q1,Unknown,8 to 12 weeks,3.0,40.0
2023-03-31,2023,Q1,Unknown,12 to 16 weeks,4.0,34.0
2023-03-31,2023,Q1,Unknown,16 to 20 weeks,5.0,59.0
2023-03-31,2023,Q1,Unknown,20 to 26 weeks,6.0,84.0
2023-03-31,2023,Q1,Unknown,6 months to under 1 year,7.0,277.0
2023-03-31,2023,Q1,Unknown,1 to 2 years,8.0,328.0
2023-03-31,2023,Q1,Unknown,2 years or more,9.0,338.0
2023-06-30,2023,Q2,Bail,Under 4 weeks,1.0,2732.0
2023-06-30,2023,Q2,Bail,4 to 8 weeks,2.0,2455.0
2023-06-30,2023,Q2,Bail,8 to 12 weeks,3.0,2366.0
2023-06-30,2023,Q2,Bail,12 to 16 weeks,4.0,2059.0
2023-06-30,2023,Q2,Bail,16 to 20 weeks,5.0,1873.0
2023-06-30,2023,Q2,Bail,20 to 26 weeks,6.0,2365.0
2023-06-30,2023,Q2,Bail,6 months to under 1 year,7.0,7960.0
2023-06-30,2023,Q2,Bail,1 to 2 years,8.0,7233.0
2023-06-30,2023,Q2,Bail,2 years or more,9.0,4648.0
2023-06-30,2023,Q2,Custody,Under 4 weeks,1.0,2279.0
2023-06-30,2023,Q2,Custody,4 to 8 weeks,2.0,1843.0
2023-06-30,2023,Q2,Custody,8 to 12 weeks,3.0,1566.0
2023-06-30,2023,Q2,Custody,12 to 16 weeks,4.0,1325.0
2023-06-30,2023,Q2,Custody,16 to 20 weeks,5.0,1213.0
2023-06-30,2023,Q2,Custody,20 to 26 weeks,6.0,1344.0
2023-06-30,2023,Q2,Custody,6 months to under 1 year,7.0,2408.0
2023-06-30,2023,Q2,Custody,1 to 2 years,8.0,1517.0
2023-06-30,2023,Q2,Custody,2 years or more,9.0,723.0
2023-06-30,2023,Q2,Unknown,Under 4 weeks,1.0,19.0
2023-06-30,2023,Q2,Unknown,4 to 8 weeks,2.0,31.0
2023-06-30,2023,Q2,Unknown,8 to 12 weeks,3.0,47.0
2023-06-30,2023,Q2,Unknown,12 to 16 weeks,4.0,41.0
2023-06-30,2023,Q2,Unknown,16 to 20 weeks,5.0,36.0
2023-06-30,2023,Q2,Unknown,20 to 26 weeks,6.0,51.0
2023-06-30,2023,Q2,Unknown,6 months to under 1 year,7.0,262.0
2023-06-30,2023,Q2,Unknown,1 to 2 years,8.0,327.0
2023-06-30,2023,Q2,Unknown,2 years or more,9.0,357.0
2023-09-30,2023,Q3,Bail,Under 4 weeks,1.0,2604.0
2023-09-30,2023,Q3,Bail,4 to 8 weeks,2.0,2539.0
2023-09-30,2023,Q3,Bail,8 to 12 weeks,3.0,2368.0
2023-09-30,2023,Q3,Bail,12 to 16 weeks,4.0,2119.0
2023-09-30,2023,Q3,Bail,16 to 20 weeks,5.0,1968.0
2023-09-30,2023,Q3,Bail,20 to 26 weeks,6.0,2682.0
2023-09-30,2023,Q3,Bail,6 months to under 1 year,7.0,7951.0
2023-09-30,2023,Q3,Bail,1 to 2 years,8.0,7304.0
2023-09-30,2023,Q3,Bail,2 years or more,9.0,4493.0
2023-09-30,2023,Q3,Custody,Under 4 weeks,1.0,2259.0
2023-09-30,2023,Q3,Custody,4 to 8 weeks,2.0,1903.0
2023-09-30,2023,Q3,Custody,8 to 12 weeks,3.0,1757.0
2023-09-30,2023,Q3,Custody,12 to 16 weeks,4.0,1511.0
2023-09-30,2023,Q3,Custody,16 to 20 weeks,5.0,1284.0
2023-09-30,2023,Q3,Custody,20 to 26 weeks,6.0,1452.0
2023-09-30,2023,Q3,Custody,6 months to under 1 year,7.0,2551.0
2023-09-30,2023,Q3,Custody,1 to 2 years,8.0,1388.0
2023-09-30,2023,Q3,Custody,2 years or more,9.0,741.0
2023-09-30,2023,Q3,Unknown,Under 4 weeks,1.0,43.0
2023-09-30,2023,Q3,Unknown,4 to 8 weeks,2.0,28.0
2023-09-30,2023,Q3,Unknown,8 to 12 weeks,3.0,31.0
2023-09-30,2023,Q3,Unknown,12 to 16 weeks,4.0,30.0
2023-09-30,2023,Q3,Unknown,16 to 20 weeks,5.0,29.0
2023-09-30,2023,Q3,Unknown,20 to 26 weeks,6.0,69.0
2023-09-30,2023,Q3,Unknown,6 months to under 1 year,7.0,229.0
2023-09-30,2023,Q3,Unknown,1 to 2 years,8.0,387.0
2023-09-30,2023,Q3,Unknown,2 years or more,9.0,351.0
2023-12-31,2023,Q4,Bail,Under 4 weeks,1.0,2422.0
2023-12-31,2023,Q4,Bail,4 to 8 weeks,2.0,2825.0
2023-12-31,2023,Q4,Bail,8 to 12 weeks,3.0,2401.0
2023-12-31,2023,Q4,Bail,12 to 16 weeks,4.0,2168.0
2023-12-31,2023,Q4,Bail,16 to 20 weeks,5.0,1908.0
2023-12-31,2023,Q4,Bail,20 to 26 weeks,6.0,2705.0
2023-12-31,2023,Q4,Bail,6 months to under 1 year,7.0,8517.0
2023-12-31,2023,Q4,Bail,1 to 2 years,8.0,7469.0
2023-12-31,2023,Q4,Bail,2 years or more,9.0,4246.0
2023-12-31,2023,Q4,Custody,Under 4 weeks,1.0,1958.0
2023-12-31,2023,Q4,Custody,4 to 8 weeks,2.0,1937.0
2023-12-31,2023,Q4,Custody,8 to 12 weeks,3.0,1695.0
2023-12-31,2023,Q4,Custody,12 to 16 weeks,4.0,1602.0
2023-12-31,2023,Q4,Custody,16 to 20 weeks,5.0,1308.0
2023-12-31,2023,Q4,Custody,20 to 26 weeks,6.0,1658.0
2023-12-31,2023,Q4,Custody,6 months to under 1 year,7.0,2673.0
2023-12-31,2023,Q4,Custody,1 to 2 years,8.0,1293.0
2023-12-31,2023,Q4,Custody,2 years or more,9.0,676.0
2023-12-31,2023,Q4,Unknown,Under 4 weeks,1.0,22.0
2023-12-31,2023,Q4,Unknown,4 to 8 weeks,2.0,31.0
2023-12-31,2023,Q4,Unknown,8 to 12 weeks,3.0,27.0
2023-12-31,2023,Q4,Unknown,12 to 16 weeks,4.0,32.0
2023-12-31,2023,Q4,Unknown,16 to 20 weeks,5.0,31.0
2023-12-31,2023,Q4,Unknown,20 to 26 weeks,6.0,43.0
2023-12-31,2023,Q4,Unknown,6 months to under 1 year,7.0,209.0
2023-12-31,2023,Q4,Unknown,1 to 2 years,8.0,359.0
2023-12-31,2023,Q4,Unknown,2 years or more,9.0,369.0
2024-03-31,2024,Q1,Bail,Under 4 weeks,1.0,3108.0
2024-03-31,2024,Q1,Bail,4 to 8 weeks,2.0,2733.0
2024-03-31,2024,Q1,Bail,8 to 12 weeks,3.0,2687.0
2024-03-31,2024,Q1,Bail,12 to 16 weeks,4.0,1882.0
2024-03-31,2024,Q1,Bail,16 to 20 weeks,5.0,2160.0
2024-03-31,2024,Q1,Bail,20 to 26 weeks,6.0,2765.0
2024-03-31,2024,Q1,Bail,6 months to under 1 year,7.0,8702.0
2024-03-31,2024,Q1,Bail,1 to 2 years,8.0,7405.0
2024-03-31,2024,Q1,Bail,2 years or more,9.0,4233.0
2024-03-31,2024,Q1,Custody,Under 4 weeks,1.0,2274.0
2024-03-31,2024,Q1,Custody,4 to 8 weeks,2.0,2022.0
2024-03-31,2024,Q1,Custody,8 to 12 weeks,3.0,1745.0
2024-03-31,2024,Q1,Custody,12 to 16 weeks,4.0,1320.0
2024-03-31,2024,Q1,Custody,16 to 20 weeks,5.0,1327.0
2024-03-31,2024,Q1,Custody,20 to 26 weeks,6.0,1613.0
2024-03-31,2024,Q1,Custody,6 months to under 1 year,7.0,2801.0
2024-03-31,2024,Q1,Custody,1 to 2 years,8.0,1286.0
2024-03-31,2024,Q1,Custody,2 years or more,9.0,684.0
2024-03-31,2024,Q1,Unknown,Under 4 weeks,1.0,31.0
2024-03-31,2024,Q1,Unknown,4 to 8 weeks,2.0,20.0
2024-03-31,2024,Q1,Unknown,8 to 12 weeks,3.0,16.0
2024-03-31,2024,Q1,Unknown,12 to 16 weeks,4.0,16.0
2024-03-31,2024,Q1,Unknown,16 to 20 weeks,5.0,29.0
2024-03-31,2024,Q1,Unknown,20 to 26 weeks,6.0,40.0
2024-03-31,2024,Q1,Unknown,6 months to under 1 year,7.0,159.0
2024-03-31,2024,Q1,Unknown,1 to 2 years,8.0,291.0
2024-03-31,2024,Q1,Unknown,2 years or more,9.0,414.0
2024-06-30,2024,Q2,Bail,Under 4 weeks,1.0,3216.0
2024-06-30,2024,Q2,Bail,4 to 8 weeks,2.0,2857.0
2024-06-30,2024,Q2,Bail,8 to 12 weeks,3.0,2684.0
2024-06-30,2024,Q2,Bail,12 to 16 weeks,4.0,2397.0
2024-06-30,2024,Q2,Bail,16 to 20 weeks,5.0,2119.0
2024-06-30,2024,Q2,Bail,20 to 26 weeks,6.0,3074.0
2024-06-30,2024,Q2,Bail,6 months to under 1 year,7.0,8764.0
2024-06-30,2024,Q2,Bail,1 to 2 years,8.0,7643.0
2024-06-30,2024,Q2,Bail,2 years or more,9.0,4200.0
2024-06-30,2024,Q2,Custody,Under 4 weeks,1.0,2351.0
2024-06-30,2024,Q2,Custody,4 to 8 weeks,2.0,2047.0
2024-06-30,2024,Q2,Custody,8 to 12 weeks,3.0,1946.0
2024-06-30,2024,Q2,Custody,12 to 16 weeks,4.0,1521.0
2024-06-30,2024,Q2,Custody,16 to 20 weeks,5.0,1396.0
2024-06-30,2024,Q2,Custody,20 to 26 weeks,6.0,1679.0
2024-06-30,2024,Q2,Custody,6 months to under 1 year,7.0,2731.0
2024-06-30,2024,Q2,Custody,1 to 2 years,8.0,1309.0
2024-06-30,2024,Q2,Custody,2 years or more,9.0,601.0
2024-06-30,2024,Q2,Unknown,Under 4 weeks,1.0,26.0
2024-06-30,2024,Q2,Unknown,4 to 8 weeks,2.0,18.0
2024-06-30,2024,Q2,Unknown,8 to 12 weeks,3.0,30.0
2024-06-30,2024,Q2,Unknown,12 to 16 weeks,4.0,18.0
2024-06-30,2024,Q2,Unknown,16 to 20 weeks,5.0,22.0
2024-06-30,2024,Q2,Unknown,20 to 26 weeks,6.0,30.0
2024-06-30,2024,Q2,Unknown,6 months to under 1 year,7.0,124.0
2024-06-30,2024,Q2,Unknown,1 to 2 years,8.0,304.0
2024-06-30,2024,Q2,Unknown,2 years or more,9.0,424.0
2024-09-30,2024,Q3,Bail,Under 4 weeks,1.0,3114.0
2024-09-30,2024,Q3,Bail,4 to 8 weeks,2.0,2868.0
2024-09-30,2024,Q3,Bail,8 to 12 weeks,3.0,2709.0
2024-09-30,2024,Q3,Bail,12 to 16 weeks,4.0,2577.0
2024-09-30,2024,Q3,Bail,16 to 20 weeks,5.0,2301.0
2024-09-30,2024,Q3,Bail,20 to 26 weeks,6.0,3159.0
2024-09-30,2024,Q3,Bail,6 months to under 1 year,7.0,9649.0
2024-09-30,2024,Q3,Bail,1 to 2 years,8.0,7900.0
2024-09-30,2024,Q3,Bail,2 years or more,9.0,4066.0
2024-09-30,2024,Q3,Custody,Under 4 weeks,1.0,2384.0
2024-09-30,2024,Q3,Custody,4 to 8 weeks,2.0,2107.0
2024-09-30,2024,Q3,Custody,8 to 12 weeks,3.0,1939.0
2024-09-30,2024,Q3,Custody,12 to 16 weeks,4.0,1622.0
2024-09-30,2024,Q3,Custody,16 to 20 weeks,5.0,1400.0
2024-09-30,2024,Q3,Custody,20 to 26 weeks,6.0,1834.0
2024-09-30,2024,Q3,Custody,6 months to under 1 year,7.0,2890.0
2024-09-30,2024,Q3,Custody,1 to 2 years,8.0,1405.0
2024-09-30,2024,Q3,Custody,2 years or more,9.0,498.0
2024-09-30,2024,Q3,Unknown,Under 4 weeks,1.0,34.0
2024-09-30,2024,Q3,Unknown,4 to 8 weeks,2.0,18.0
2024-09-30,2024,Q3,Unknown,8 to 12 weeks,3.0,23.0
2024-09-30,2024,Q3,Unknown,12 to 16 weeks,4.0,20.0
2024-09-30,2024,Q3,Unknown,16 to 20 weeks,5.0,24.0
2024-09-30,2024,Q3,Unknown,20 to 26 weeks,6.0,26.0
2024-09-30,2024,Q3,Unknown,6 months to under 1 year,7.0,106.0
2024-09-30,2024,Q3,Unknown,1 to 2 years,8.0,245.0
2024-09-30,2024,Q3,Unknown,2 years or more,9.0,393.0
2024-12-31,2024,Q4,Bail,Under 4 weeks,1.0,2638.0
2024-12-31,2024,Q4,Bail,4 to 8 weeks,2.0,3062.0
2024-12-31,2024,Q4,Bail,8 to 12 weeks,3.0,2888.0
2024-12-31,2024,Q4,Bail,12 to 16 weeks,4.0,2503.0
2024-12-31,2024,Q4,Bail,16 to 20 weeks,5.0,2372.0
2024-12-31,2024,Q4,Bail,20 to 26 weeks,6.0,3271.0
2024-12-31,2024,Q4,Bail,6 months to under 1 year,7.0,10835.0
2024-12-31,2024,Q4,Bail,1 to 2 years,8.0,8441.0
2024-12-31,2024,Q4,Bail,2 years or more,9.0,4101.0
2024-12-31,2024,Q4,Custody,Under 4 weeks,1.0,2042.0
2024-12-31,2024,Q4,Custody,4 to 8 weeks,2.0,2136.0
2024-12-31,2024,Q4,Custody,8 to 12 weeks,3.0,1887.0
2024-12-31,2024,Q4,Custody,12 to 16 weeks,4.0,1620.0
2024-12-31,2024,Q4,Custody,16 to 20 weeks,5.0,1458.0
2024-12-31,2024,Q4,Custody,20 to 26 weeks,6.0,1827.0
2024-12-31,2024,Q4,Custody,6 months to under 1 year,7.0,3161.0
2024-12-31,2024,Q4,Custody,1 to 2 years,8.0,1301.0
2024-12-31,2024,Q4,Custody,2 years or more,9.0,487.0
2024-12-31,2024,Q4,Unknown,Under 4 weeks,1.0,26.0
2024-12-31,2024,Q4,Unknown,4 to 8 weeks,2.0,15.0
2024-12-31,2024,Q4,Unknown,8 to 12 weeks,3.0,18.0
2024-12-31,2024,Q4,Unknown,12 to 16 weeks,4.0,22.0
2024-12-31,2024,Q4,Unknown,16 to 20 weeks,5.0,14.0
2024-12-31,2024,Q4,Unknown,20 to 26 weeks,6.0,26.0
2024-12-31,2024,Q4,Unknown,6 months to under 1 year,7.0,105.0
2024-12-31,2024,Q4,Unknown,1 to 2 years,8.0,215.0
2024-12-31,2024,Q4,Unknown,2 years or more,9.0,370.0
2025-03-31,2025,Q1,Bail,Under 4 weeks,1.0,3392.0
2025-03-31,2025,Q1,Bail,4 to 8 weeks,2.0,3023.0
2025-03-31,2025,Q1,Bail,8 to 12 weeks,3.0,2806.0
2025-03-31,2025,Q1,Bail,12 to 16 weeks,4.0,1965.0
2025-03-31,2025,Q1,Bail,16 to 20 weeks,5.0,2446.0
2025-03-31,2025,Q1,Bail,20 to 26 weeks,6.0,3294.0
2025-03-31,2025,Q1,Bail,6 months to under 1 year,7.0,11221.0
2025-03-31,2025,Q1,Bail,1 to 2 years,8.0,9439.0
2025-03-31,2025,Q1,Bail,2 years or more,9.0,4208.0
2025-03-31,2025,Q1,Custody,Under 4 weeks,1.0,2530.0
2025-03-31,2025,Q1,Custody,4 to 8 weeks,2.0,2202.0
2025-03-31,2025,Q1,Custody,8 to 12 weeks,3.0,1939.0
2025-03-31,2025,Q1,Custody,12 to 16 weeks,4.0,1418.0
2025-03-31,2025,Q1,Custody,16 to 20 weeks,5.0,1472.0
2025-03-31,2025,Q1,Custody,20 to 26 weeks,6.0,1844.0
2025-03-31,2025,Q1,Custody,6 months to under 1 year,7.0,3196.0
2025-03-31,2025,Q1,Custody,1 to 2 years,8.0,1396.0
2025-03-31,2025,Q1,Custody,2 years or more,9.0,479.0
2025-03-31,2025,Q1,Unknown,Under 4 weeks,1.0,25.0
2025-03-31,2025,Q1,Unknown,4 to 8 weeks,2.0,20.0
2025-03-31,2025,Q1,Unknown,8 to 12 weeks,3.0,22.0
2025-03-31,2025,Q1,Unknown,12 to 16 weeks,4.0,14.0
2025-03-31,2025,Q1,Unknown,16 to 20 weeks,5.0,9.0
2025-03-31,2025,Q1,Unknown,20 to 26 weeks,6.0,33.0
2025-03-31,2025,Q1,Unknown,6 months to under 1 year,7.0,108.0
2025-03-31,2025,Q1,Unknown,1 to 2 years,8.0,194.0
2025-03-31,2025,Q1,Unknown,2 years or more,9.0,354.0
2025-06-30,2025,Q2,Bail,Under 4 weeks,1.0,3499.0
2025-06-30,2025,Q2,Bail,4 to 8 weeks,2.0,3069.0
2025-06-30,2025,Q2,Bail,8 to 12 weeks,3.0,2904.0
2025-06-30,2025,Q2,Bail,12 to 16 weeks,4.0,2760.0
2025-06-30,2025,Q2,Bail,16 to 20 weeks,5.0,2504.0
2025-06-30,2025,Q2,Bail,20 to 26 weeks,6.0,3140.0
2025-06-30,2025,Q2,Bail,6 months to under 1 year,7.0,11146.0
2025-06-30,2025,Q2,Bail,1 to 2 years,8.0,10338.0
2025-06-30,2025,Q2,Bail,2 years or more,9.0,4442.0
2025-06-30,2025,Q2,Custody,Under 4 weeks,1.0,2632.0
2025-06-30,2025,Q2,Custody,4 to 8 weeks,2.0,2058.0
2025-06-30,2025,Q2,Custody,8 to 12 weeks,3.0,1851.0
2025-06-30,2025,Q2,Custody,12 to 16 weeks,4.0,1748.0
2025-06-30,2025,Q2,Custody,16 to 20 weeks,5.0,1439.0
2025-06-30,2025,Q2,Custody,20 to 26 weeks,6.0,1783.0
2025-06-30,2025,Q2,Custody,6 months to under 1 year,7.0,3049.0
2025-06-30,2025,Q2,Custody,1 to 2 years,8.0,1450.0
2025-06-30,2025,Q2,Custody,2 years or more,9.0,497.0
2025-06-30,2025,Q2,Unknown,Under 4 weeks,1.0,34.0
2025-06-30,2025,Q2,Unknown,4 to 8 weeks,2.0,37.0
2025-06-30,2025,Q2,Unknown,8 to 12 weeks,3.0,14.0
2025-06-30,2025,Q2,Unknown,12 to 16 weeks,4.0,27.0
2025-06-30,2025,Q2,Unknown,16 to 20 weeks,5.0,15.0
2025-06-30,2025,Q2,Unknown,20 to 26 weeks,6.0,29.0
2025-06-30,2025,Q2,Unknown,6 months to under 1 year,7.0,108.0
2025-06-30,2025,Q2,Unknown,1 to 2 years,8.0,169.0
2025-06-30,2025,Q2,Unknown,2 years or more,9.0,342.0
2025-09-30,2025,Q3,Bail,Under 4 weeks,1.0,3208.0
2025-09-30,2025,Q3,Bail,4 to 8 weeks,2.0,2955.0
2025-09-30,2025,Q3,Bail,8 to 12 weeks,3.0,2933.0
2025-09-30,2025,Q3,Bail,12 to 16 weeks,4.0,2910.0
2025-09-30,2025,Q3,Bail,16 to 20 weeks,5.0,2423.0
2025-09-30,2025,Q3,Bail,20 to 26 weeks,6.0,3497.0
2025-09-30,2025,Q3,Bail,6 months to under 1 year,7.0,11501.0
2025-09-30,2025,Q3,Bail,1 to 2 years,8.0,11233.0
2025-09-30,2025,Q3,Bail,2 years or more,9.0,4584.0
2025-09-30,2025,Q3,Custody,Under 4 weeks,1.0,2236.0
2025-09-30,2025,Q3,Custody,4 to 8 weeks,2.0,2075.0
2025-09-30,2025,Q3,Custody,8 to 12 weeks,3.0,1942.0
2025-09-30,2025,Q3,Custody,12 to 16 weeks,4.0,1848.0
2025-09-30,2025,Q3,Custody,16 to 20 weeks,5.0,1424.0
2025-09-30,2025,Q3,Custody,20 to 26 weeks,6.0,1779.0
2025-09-30,2025,Q3,Custody,6 months to under 1 year,7.0,3113.0
2025-09-30,2025,Q3,Custody,1 to 2 years,8.0,1524.0
2025-09-30,2025,Q3,Custody,2 years or more,9.0,497.0
2025-09-30,2025,Q3,Unknown,Under 4 weeks,1.0,35.0
2025-09-30,2025,Q3,Unknown,4 to 8 weeks,2.0,27.0
2025-09-30,2025,Q3,Unknown,8 to 12 weeks,3.0,12.0
2025-09-30,2025,Q3,Unknown,12 to 16 weeks,4.0,20.0
2025-09-30,2025,Q3,Unknown,16 to 20 weeks,5.0,15.0
2025-09-30,2025,Q3,Unknown,20 to 26 weeks,6.0,33.0
2025-09-30,2025,Q3,Unknown,6 months to under 1 year,7.0,114.0
2025-09-30,2025,Q3,Unknown,1 to 2 years,8.0,159.0
2025-09-30,2025,Q3,Unknown,2 years or more,9.0,332.0
2025-12-31,2025,Q4,Bail,Under 4 weeks,1.0,2683.0
2025-12-31,2025,Q4,Bail,4 to 8 weeks,2.0,3079.0
2025-12-31,2025,Q4,Bail,8 to 12 weeks,3.0,2724.0
2025-12-31,2025,Q4,Bail,12 to 16 weeks,4.0,2669.0
2025-12-31,2025,Q4,Bail,16 to 20 weeks,5.0,2478.0
2025-12-31,2025,Q4,Bail,20 to 26 weeks,6.0,3500.0
2025-12-31,2025,Q4,Bail,6 months to under 1 year,7.0,12572.0
2025-12-31,2025,Q4,Bail,1 to 2 years,8.0,12008.0
2025-12-31,2025,Q4,Bail,2 years or more,9.0,4798.0
2025-12-31,2025,Q4,Custody,Under 4 weeks,1.0,2017.0
2025-12-31,2025,Q4,Custody,4 to 8 weeks,2.0,2026.0
2025-12-31,2025,Q4,Custody,8 to 12 weeks,3.0,1790.0
2025-12-31,2025,Q4,Custody,12 to 16 weeks,4.0,1560.0
2025-12-31,2025,Q4,Custody,16 to 20 weeks,5.0,1395.0
2025-12-31,2025,Q4,Custody,20 to 26 weeks,6.0,1875.0
2025-12-31,2025,Q4,Custody,6 months to under 1 year,7.0,3257.0
2025-12-31,2025,Q4,Custody,1 to 2 years,8.0,1442.0
2025-12-31,2025,Q4,Custody,2 years or more,9.0,516.0
2025-12-31,2025,Q4,Unknown,Under 4 weeks,1.0,25.0
2025-12-31,2025,Q4,Unknown,4 to 8 weeks,2.0,30.0
2025-12-31,2025,Q4,Unknown,8 to 12 weeks,3.0,15.0
2025-12-31,2025,Q4,Unknown,12 to 16 weeks,4.0,31.0
2025-12-31,2025,Q4,Unknown,16 to 20 weeks,5.0,26.0
2025-12-31,2025,Q4,Unknown,20 to 26 weeks,6.0,22.0
2025-12-31,2025,Q4,Unknown,6 months to under 1 year,7.0,107.0
2025-12-31,2025,Q4,Unknown,1 to 2 years,8.0,172.0
2025-12-31,2025,Q4,Unknown,2 years or more,9.0,332.0
